,Symbol,Owner,Relationship,Date,Cost,# Shares,Value($),Total Shares,Filing,Type
1,EVR,Walsh Robert B,Principal Financial Officer,"Apr 23, 2020",$50.14,2000,100280,105542,"Apr 24, 2020, 06:04 PM",buy
2,DSNY,Graber Mark A,10% Owner,"Apr 20, 2020",$0.60,13000,7800,1162777,"Apr 24, 2020, 05:54 PM",buy
3,RVP,SHAW THOMAS J,President and CEO,"Apr 24, 2020",$3.10,800,2480,14553806,"Apr 24, 2020, 05:46 PM",buy
4,RVP,SHAW THOMAS J,President and CEO,"Apr 23, 2020",$3.01,300,903,14553006,"Apr 24, 2020, 05:46 PM",buy
5,ICMB,Investcorp BDC Holdings Ltd,10% Owner,"Apr 23, 2020",$4.78,3080,14732,469920,"Apr 24, 2020, 05:39 PM",buy
6,ICMB,Investcorp BDC Holdings Ltd,10% Owner,"Apr 22, 2020",$4.53,2917,13229,466840,"Apr 24, 2020, 05:39 PM",buy
7,ICMB,Investcorp BDC Holdings Ltd,10% Owner,"Apr 24, 2020",$4.84,2600,12571,472520,"Apr 24, 2020, 05:39 PM",buy
8,AUMN,Rehn Warren,President and CEO,"Apr 24, 2020",$0.22,10000,2210,486000,"Apr 24, 2020, 05:26 PM",buy
9,RGT,ROYCE CHARLES M,Portfolio Manager,"Apr 23, 2020",$9.32,10000,93200,233705,"Apr 24, 2020, 05:14 PM",buy
10,RGT,ROYCE CHARLES M,Portfolio Manager,"Apr 24, 2020",$9.39,15000,140850,248705,"Apr 24, 2020, 05:14 PM",buy
11,TRST,SCHRECK ERIC W,SVP & TREASURER,"Apr 24, 2020",$5.61,4455,24993,99239,"Apr 24, 2020, 05:12 PM",buy
12,ABBV,Durkin Brian L,"VP, Controller","Mar 20, 2020",$69.00,1550,106950,17644,"Apr 24, 2020, 05:07 PM",buy
13,PACW,LESTER SUSAN E,Director,"Apr 23, 2020",$16.21,1000,16206,28056,"Apr 24, 2020, 05:06 PM",buy
14,AIMT,"Nestle Health Science US Holdings, Inc.",10% Owner,"Nov 28, 2018",$30.27,3237529,98000004,11727113,"Apr 24, 2020, 04:45 PM",buy
15,AIMT,"Nestle Health Science US Holdings, Inc.",10% Owner,"Feb 26, 2018",$32.00,937500,30000000,8489584,"Apr 24, 2020, 04:45 PM",buy
16,BMTC,TYLUS F KEVIN,President of BMTC (Bank),"Apr 23, 2020",$26.34,3000,79032,30544,"Apr 24, 2020, 04:43 PM",buy
17,THS,General Dean,"SVP, Chief Commercial Officer","Mar 05, 2020",$40.39,1000,40390,9216,"Apr 24, 2020, 04:36 PM",buy
18,RUBY,Coughlin Christina M.,Chief Medical Officer,"Apr 22, 2020",$5.52,19000,104813,19000,"Apr 24, 2020, 04:13 PM",buy
19,HQI,Hermanns Richard,President and CEO,"Apr 23, 2020",$6.33,3700,23427,5861190,"Apr 24, 2020, 04:08 PM",buy
20,GPK,Venturelli Larry M,Director,"Apr 02, 2020",$11.91,162,1929,66307,"Apr 24, 2020, 03:46 PM",buy
21,GPK,Venturelli Larry M,Director,"Apr 03, 2019",$12.80,148,1894,65760,"Apr 24, 2020, 03:46 PM",buy
22,GPK,Venturelli Larry M,Director,"Jan 02, 2020",$16.56,116,1921,66145,"Apr 24, 2020, 03:46 PM",buy
23,GPK,Venturelli Larry M,Director,"Jan 03, 2019",$10.72,175,1876,65613,"Apr 24, 2020, 03:46 PM",buy
24,GPK,Venturelli Larry M,Director,"Oct 03, 2019",$14.23,134,1907,66030,"Apr 24, 2020, 03:46 PM",buy
25,GPK,Venturelli Larry M,Director,"Jul 02, 2019",$14.07,135,1899,65895,"Apr 24, 2020, 03:46 PM",buy
26,AXDX,SCHULER JACK W,Director,"Apr 22, 2020",$9.47,157688,1493305,14598623,"Apr 24, 2020, 03:39 PM",buy
27,SPWR,TOTAL S.A.,Director,"Apr 23, 2020",$6.75,2544,17170,87951556,"Apr 24, 2020, 02:22 PM",buy
28,SPWR,TOTAL S.A.,Director,"Apr 22, 2020",$6.30,15717,99064,87949012,"Apr 24, 2020, 02:22 PM",buy
29,ISD,Lillard Michael,Head of PGIM Fixed Income/CIO,"Apr 23, 2020",$12.26,4012,49187,9262,"Apr 24, 2020, 02:19 PM",buy
30,GHY,Lillard Michael,Head of PGIM Fixed Income/CIO,"Apr 23, 2020",$11.58,13000,150540,18500,"Apr 24, 2020, 01:58 PM",buy
31,SNX,MIAU MATTHEW,Director,"Apr 22, 2020",$71.47,10000,714700,5299980,"Apr 24, 2020, 01:48 PM",buy
32,PHD,"Saba Capital Management, L.P.",10% Owner,"Apr 23, 2020",$8.48,43750,371000,3346044,"Apr 24, 2020, 01:38 PM",buy
33,PHD,"Saba Capital Management, L.P.",10% Owner,"Apr 22, 2020",$8.44,177,1494,3302294,"Apr 24, 2020, 01:38 PM",buy
34,EHI,"Saba Capital Management, L.P.",10% Owner,"Apr 23, 2020",$8.22,27937,229642,8866220,"Apr 24, 2020, 01:34 PM",buy
35,EHI,"Saba Capital Management, L.P.",10% Owner,"Apr 22, 2020",$8.18,98747,807750,8838283,"Apr 24, 2020, 01:34 PM",buy
36,BQH,"Saba Capital Management, L.P.",10% Owner,"Apr 23, 2020",$14.69,48400,710996,456070,"Apr 24, 2020, 01:30 PM",buy
37,BQH,"Saba Capital Management, L.P.",10% Owner,"Apr 22, 2020",$14.61,31840,465182,407670,"Apr 24, 2020, 01:30 PM",buy
38,TGEN,HATSOPOULOS JOHN,Director,"Apr 23, 2020",$1.00,25000,25093,2334873,"Apr 24, 2020, 01:08 PM",buy
39,FRAF,Henry Timothy G,CEO,"Apr 22, 2020",$24.91,40,996,6210,"Apr 24, 2020, 12:42 PM",buy
40,GIFI,RICHARD C D,Director,"Apr 22, 2020",$2.99,500,1496,4625,"Apr 24, 2020, 12:15 PM",buy
41,CNBKA,Grossman Louis J,Director,"Apr 22, 2020",$61.62,825,50836,925,"Apr 24, 2020, 11:18 AM",buy
42,TSC,Fetterolf Brian S,"CEO, TSC Bank, Director TSC","Apr 21, 2020",$12.91,8500,109735,61149,"Apr 24, 2020, 09:38 AM",buy
43,SNX,SILVER STAR DEVELOPMENTS LTD,10% Owner,"Apr 22, 2020",$71.47,10000,714696,5299980,"Apr 23, 2020, 09:43 PM",buy
44,PAAC,Chou Shih-Chung,Director,"Apr 20, 2020",$0.20,600000,120000,1031250,"Apr 23, 2020, 08:59 PM",buy
45,BKGM,Leon Guerrero Eugenia Aflague,10% Owner,"Apr 22, 2020",$10.00,4515,45150,1787711,"Apr 23, 2020, 08:13 PM",buy
46,BKGM,SAN AGUSTIN JOHN SHIMIZU,Director,"Apr 22, 2020",$10.00,180,1800,37008,"Apr 23, 2020, 08:12 PM",buy
47,BKGM,Ada Patricia Ann Perez,Director,"Apr 22, 2020",$10.00,61,610,112299,"Apr 23, 2020, 08:08 PM",buy
48,BKGM,Leon Guerrero William David,Director,"Apr 22, 2020",$10.00,816,8160,78492,"Apr 23, 2020, 08:06 PM",buy
49,BKGM,Leon Guerrero Martin Dela Rosa,Director,"Apr 22, 2020",$10.00,852,8520,95146,"Apr 23, 2020, 08:05 PM",buy
50,NJMC,Swallow John,President and CEO,"Apr 22, 2020",$0.13,370370,48148,16847373,"Apr 23, 2020, 07:54 PM",buy
51,AMRB,ROBOTHAM WILLIAM A,Director,"Apr 23, 2020",$9.50,2500,23750,113714,"Apr 23, 2020, 06:59 PM",buy
52,XELB,D LOREN ROBERT W,CEO & Chairman,"Apr 22, 2020",$0.55,2805,1543,1384758,"Apr 23, 2020, 06:34 PM",buy
53,XELB,D LOREN ROBERT W,CEO & Chairman,"Apr 21, 2020",$0.52,6453,3356,1381953,"Apr 23, 2020, 06:34 PM",buy
54,T,LUCZO STEPHEN J,Director,"Apr 22, 2020",$29.38,36000,1057579,200000,"Apr 23, 2020, 06:19 PM",buy
55,CNBKA,Filler James J,10% Owner,"Apr 16, 2020",$58.28,1222,71216,777933,"Apr 23, 2020, 04:52 PM",buy
56,CNBKA,Filler James J,10% Owner,"Apr 23, 2020",$61.75,100,6175,779933,"Apr 23, 2020, 04:52 PM",buy
57,CNBKA,Filler James J,10% Owner,"Apr 15, 2020",$63.03,700,44124,776711,"Apr 23, 2020, 04:52 PM",buy
58,CNBKA,Filler James J,10% Owner,"Apr 20, 2020",$57.49,1000,57487,779833,"Apr 23, 2020, 04:52 PM",buy
59,CNBKA,Filler James J,10% Owner,"Apr 17, 2020",$56.58,900,50922,778833,"Apr 23, 2020, 04:52 PM",buy
60,CFG,KOCH CHARLES JOHN,Director,"Apr 22, 2020",$19.76,5000,98800,93924,"Apr 23, 2020, 04:40 PM",buy
61,CFG,KOCH CHARLES JOHN,Director,"Apr 21, 2020",$19.47,20000,389400,88924,"Apr 23, 2020, 04:40 PM",buy
62,TREC,Quarles Patrick D.,President and CEO,"Apr 23, 2020",$5.41,5092,27548,213159,"Apr 23, 2020, 04:23 PM",buy
63,LQDT,Angrick William P III,Chairman of the Board and CEO,"Apr 21, 2020",$4.74,700,3318,4552571,"Apr 23, 2020, 04:18 PM",buy
64,MCHX,Roswech John,Chief Revenue Officer,"Apr 22, 2020",$1.36,2500,3396,290000,"Apr 23, 2020, 04:08 PM",buy
65,DRI,Broad Matthew R,SVP General Counsel,"Apr 23, 2020",$58.50,427,24980,8611,"Apr 23, 2020, 04:03 PM",buy
66,DRI,King Sarah H.,"SVP, Chief HR Officer","Apr 23, 2020",$58.50,1025,59963,5027,"Apr 23, 2020, 04:03 PM",buy
67,DRI,ATKINS M SHAN,Director,"Apr 23, 2020",$58.50,1282,74997,3114,"Apr 23, 2020, 04:03 PM",buy
68,DRI,Renninger Richard L.,"SVP, Chief Development Officer","Apr 23, 2020",$58.50,2000,117000,5653,"Apr 23, 2020, 04:03 PM",buy
69,DRI,Burrowes Todd,"President, LongHorn Steakhouse","Apr 23, 2020",$58.50,2564,149994,25216,"Apr 23, 2020, 04:02 PM",buy
70,DRI,Cardenas Ricardo,SVP Chief Financial Officer,"Apr 23, 2020",$58.50,2991,174974,22432,"Apr 23, 2020, 04:01 PM",buy
71,DRI,JAMISON CYNTHIA T,Director,"Apr 23, 2020",$58.50,3418,199953,3838,"Apr 23, 2020, 04:00 PM",buy
72,VOXX,Kahli Beat,10% Owner,"Apr 22, 2020",$4.90,46660,228551,2911963,"Apr 23, 2020, 04:00 PM",buy
73,VOXX,Kahli Beat,10% Owner,"Apr 21, 2020",$4.69,98340,461615,2865303,"Apr 23, 2020, 04:00 PM",buy
74,MMLP,MARTIN RUBEN S,President and CEO,"Apr 21, 2020",$1.16,7684,8927,442587,"Apr 23, 2020, 03:59 PM",buy
75,DRI,GEORGE DAVID C,EVP & COO,"Apr 23, 2020",$58.50,4273,249971,64928,"Apr 23, 2020, 03:59 PM",buy
76,MMLP,Shoup Scot A,Senior VP Operations,"Apr 21, 2020",$1.16,3111,3614,15037,"Apr 23, 2020, 03:59 PM",buy
77,DRI,FOGARTY JAMES P,Director,"Apr 23, 2020",$58.50,4273,249971,17629,"Apr 23, 2020, 03:59 PM",buy
78,DRI,SONSTEBY CHARLES M,Director,"Apr 23, 2020",$58.50,12820,749970,22242,"Apr 23, 2020, 03:59 PM",buy
79,MMLP,BONDURANT ROBERT D,Executive VP and CFO,"Apr 21, 2020",$1.16,5018,5830,99864,"Apr 23, 2020, 03:59 PM",buy
80,DRI,WILMOTT TIMOTHY J,Director,"Apr 23, 2020",$58.50,17094,999999,17094,"Apr 23, 2020, 03:57 PM",buy
81,DRI,LEE EUGENE I JR,President and CEO,"Apr 23, 2020",$58.50,25641,1499999,177264,"Apr 23, 2020, 03:57 PM",buy
82,UNTY,BRODY MARK S,Director,"Apr 22, 2020",$11.74,295,3463,82674,"Apr 23, 2020, 03:42 PM",buy
83,AXDX,SCHULER JACK W,Director,"Apr 21, 2020",$9.01,79650,717647,14440935,"Apr 23, 2020, 03:36 PM",buy
84,OBLG,ADELMAN JASON T,Director,"Apr 22, 2020",$0.90,20000,18080,496000,"Apr 23, 2020, 03:08 PM",buy
85,HAL,GERBER MURRY,Director,"Apr 23, 2020",$8.68,350000,3038000,574879,"Apr 23, 2020, 02:26 PM",buy
86,MYOV,"Sumitomo Chemical Co., Ltd.",10% Owner,"Apr 22, 2020",$11.93,50000,596730,47779104,"Apr 23, 2020, 02:21 PM",buy
87,MYOV,"Sumitomo Chemical Co., Ltd.",10% Owner,"Apr 21, 2020",$11.58,50200,581140,47729104,"Apr 23, 2020, 02:21 PM",buy
88,OTIVF,Anderson William Carl III,Director,"Apr 22, 2020",$0.20,960000,192000,2060000,"Apr 23, 2020, 02:06 PM",buy
89,PNFP,THOMPSON G KENNEDY,Director,"Apr 23, 2020",$34.86,5000,174300,19826,"Apr 23, 2020, 01:52 PM",buy
90,RGT,CLARK CHRISTOPHER D,President,"Apr 23, 2020",$9.25,5000,46250,44743,"Apr 23, 2020, 01:31 PM",buy
91,VOLT,Naujokas Leonard Frank,Controller & CAO,"Apr 23, 2020",$0.84,5952,5000,10151,"Apr 23, 2020, 01:29 PM",buy
92,MCB,Perri Gerard A,EVP and COO,"Apr 23, 2020",$22.48,500,11240,7502,"Apr 23, 2020, 01:28 PM",buy
93,RVP,SHAW THOMAS J,President and CEO,"Apr 22, 2020",$3.01,400,1204,14552706,"Apr 23, 2020, 12:48 PM",buy
94,VOLT,Avedissian Nancy T,SVP/Chief Legal Ofcer/CorpSec,"Apr 23, 2020",$0.80,5000,4000,41715,"Apr 23, 2020, 12:32 PM",buy
95,TIPT,Barnes Michael Gene,Executive Chairman,"Apr 22, 2020",$5.25,2771,14548,8260238,"Apr 23, 2020, 09:48 AM",buy
96,TIPT,Barnes Michael Gene,Executive Chairman,"Apr 21, 2020",$5.04,2771,13955,8257467,"Apr 23, 2020, 09:48 AM",buy
97,SPLP,LICHTENSTEIN WARREN G,Executive Chairman,"Apr 21, 2020",$4.80,400,1920,189227,"Apr 23, 2020, 06:00 AM",buy
98,SPLP,LICHTENSTEIN WARREN G,Executive Chairman,"Apr 20, 2020",$4.91,1215,5966,188827,"Apr 23, 2020, 06:00 AM",buy
99,SPLP,LICHTENSTEIN WARREN G,Executive Chairman,"Apr 22, 2020",$4.79,3491,16716,192718,"Apr 23, 2020, 06:00 AM",buy
100,BTN,"Fundamental Global Investors, LLC",Director,"Apr 20, 2020",$1.53,2334,3570,1607242,"Apr 22, 2020, 08:41 PM",buy
101,BTN,"Fundamental Global Investors, LLC",Director,"Apr 21, 2020",$1.45,2334,3373,1624659,"Apr 22, 2020, 08:41 PM",buy
102,BTN,"Fundamental Global Investors, LLC",Director,"Apr 21, 2020",$1.45,2334,3373,1609576,"Apr 22, 2020, 08:41 PM",buy
103,BTN,"Fundamental Global Investors, LLC",Director,"Apr 22, 2020",$1.45,2334,3378,1626993,"Apr 22, 2020, 08:41 PM",buy
104,BTN,"Fundamental Global Investors, LLC",Director,"Apr 20, 2020",$1.53,2334,3570,1622325,"Apr 22, 2020, 08:41 PM",buy
105,BTN,"Fundamental Global Investors, LLC",Director,"Apr 22, 2020",$1.45,2334,3378,1611910,"Apr 22, 2020, 08:41 PM",buy
1,BTN,"Fundamental Global Investors, LLC",Director,"Apr 21, 2020",$1.45,2334,3373,1609576,"Apr 22, 2020, 08:41 PM",buy
2,BTN,"Fundamental Global Investors, LLC",Director,"Apr 22, 2020",$1.45,2334,3378,1626993,"Apr 22, 2020, 08:41 PM",buy
3,BTN,"Fundamental Global Investors, LLC",Director,"Apr 20, 2020",$1.53,2334,3570,1622325,"Apr 22, 2020, 08:41 PM",buy
4,BTN,"Fundamental Global Investors, LLC",Director,"Apr 22, 2020",$1.45,2334,3378,1611910,"Apr 22, 2020, 08:41 PM",buy
5,BTN,"Fundamental Global Investors, LLC",Director,"Apr 20, 2020",$1.53,2334,3570,1607242,"Apr 22, 2020, 08:41 PM",buy
6,BTN,"Fundamental Global Investors, LLC",Director,"Apr 21, 2020",$1.45,2334,3373,1624659,"Apr 22, 2020, 08:41 PM",buy
7,BKTI,"Fundamental Global Investors, LLC",Director,"Apr 22, 2020",$2.39,2390,5704,1171514,"Apr 22, 2020, 08:40 PM",buy
8,BKTI,"Fundamental Global Investors, LLC",Director,"Apr 20, 2020",$2.40,3044,7297,1167360,"Apr 22, 2020, 08:40 PM",buy
9,BKTI,"Fundamental Global Investors, LLC",Director,"Apr 22, 2020",$2.39,1024,2444,714877,"Apr 22, 2020, 08:40 PM",buy
10,BKTI,"Fundamental Global Investors, LLC",Director,"Apr 20, 2020",$2.40,1305,3128,713097,"Apr 22, 2020, 08:40 PM",buy
11,BKTI,"Fundamental Global Investors, LLC",Director,"Apr 21, 2020",$2.42,1764,4261,1169124,"Apr 22, 2020, 08:40 PM",buy
12,BKTI,"Fundamental Global Investors, LLC",Director,"Apr 21, 2020",$2.42,756,1826,713853,"Apr 22, 2020, 08:40 PM",buy
13,AMAR,CHEN STEPHEN T,"President,Chairman,CEO,CFO","Apr 21, 2020",$0.27,100,27,776700,"Apr 22, 2020, 07:51 PM",buy
14,BOCH,Muttera Robert H,EVP Chief Credit Officer,"Apr 21, 2020",$6.90,2000,13800,116158,"Apr 22, 2020, 07:13 PM",buy
15,HII,Bilden Philip M.,Director,"Apr 21, 2020",$185.00,540,99900,14683,"Apr 22, 2020, 07:12 PM",buy
16,BOCH,Gibson Joseph,Director,"Apr 21, 2020",$6.58,10000,65800,130988,"Apr 22, 2020, 06:47 PM",buy
17,BOCH,TULLIS LYLE L,Director,"Apr 21, 2020",$6.88,20000,137600,300365,"Apr 22, 2020, 06:42 PM",buy
18,SPWR,TOTAL S.A.,Director,"Apr 21, 2020",$6.11,10100,61689,87933295,"Apr 22, 2020, 06:34 PM",buy
19,SPWR,TOTAL S.A.,Director,"Apr 20, 2020",$6.36,82932,527132,87923195,"Apr 22, 2020, 06:34 PM",buy
20,QMCO,"B. Riley Financial, Inc.",10% Owner,"Apr 21, 2020",$3.81,21371,81511,8538575,"Apr 22, 2020, 06:03 PM",buy
21,QMCO,"B. Riley Financial, Inc.",10% Owner,"Apr 20, 2020",$3.90,40200,156772,8517204,"Apr 22, 2020, 06:03 PM",buy
22,TREC,Quarles Patrick D.,President and CEO,"Apr 22, 2020",$5.40,5810,31374,208067,"Apr 22, 2020, 05:18 PM",buy
23,CUTR,PLANTS J DANIEL,Director,"Apr 21, 2020",$10.50,95238,999999,485627,"Apr 22, 2020, 05:12 PM",buy
24,CUTR,Barrett Gregory A,Director,"Apr 21, 2020",$10.50,19047,199994,66624,"Apr 22, 2020, 05:10 PM",buy
25,ECC,Malik Nauman S.,CCO,"Apr 22, 2020",$6.25,1500,9375,1500,"Apr 22, 2020, 04:55 PM",buy
26,CFG,HANKOWSKY WILLIAM P,Director,"Apr 20, 2020",$20.56,10000,205600,44924,"Apr 22, 2020, 04:53 PM",buy
27,EIC,Malik Nauman S.,CCO,"Apr 22, 2020",$9.27,1250,11588,1250,"Apr 22, 2020, 04:52 PM",buy
28,KEY,GILLIS RUTH ANN M,Director,"Apr 20, 2020",$11.10,4485,49784,53597,"Apr 22, 2020, 04:50 PM",buy
29,HQI,Hermanns Richard,President and CEO,"Apr 21, 2020",$6.20,2500,15500,5856190,"Apr 22, 2020, 04:44 PM",buy
30,HQI,Hermanns Richard,President and CEO,"Apr 20, 2020",$6.49,2500,16221,5853690,"Apr 22, 2020, 04:44 PM",buy
31,HQI,JACKSON EDWARD,Director,"Apr 21, 2020",$6.56,1633,10711,2544427,"Apr 22, 2020, 04:42 PM",buy
32,EIC,Onorio Kenneth P.,CFO/COO,"Apr 22, 2020",$9.15,500,4575,3916,"Apr 22, 2020, 04:42 PM",buy
33,EIC,Onorio Kenneth P.,CFO/COO,"Apr 21, 2020",$9.59,500,4795,3416,"Apr 22, 2020, 04:42 PM",buy
34,GRPN,Leonsis Theodore,Director,"Apr 20, 2020",$0.95,1000000,950000,2629996,"Apr 22, 2020, 04:36 PM",buy
35,ECC,Onorio Kenneth P.,CFO/COO,"Apr 21, 2020",$5.96,2000,11920,27394,"Apr 22, 2020, 04:35 PM",buy
36,DRIO,STERN ADAM K,Director,"Apr 20, 2020",$6.66,639,4256,14993,"Apr 22, 2020, 04:29 PM",buy
37,VOLT,Schultz Lori,Chief Global Solutions Officer,"Apr 22, 2020",$0.76,6450,4902,14918,"Apr 22, 2020, 04:10 PM",buy
38,AXDX,SCHULER JACK W,Director,"Apr 20, 2020",$9.40,59357,557956,14361285,"Apr 22, 2020, 03:17 PM",buy
39,BRBS,Spurzem Richard T,10% Owner,"Apr 21, 2020",$16.00,3700,59196,737460,"Apr 22, 2020, 02:56 PM",buy
40,MACK,Levy Noah G.,Director,"Apr 21, 2020",$3.25,1424,4628,693014,"Apr 22, 2020, 02:30 PM",buy
41,MACK,Levy Noah G.,Director,"Apr 20, 2020",$3.25,2325,7556,692181,"Apr 22, 2020, 02:30 PM",buy
42,MACK,Andersen Eric,Director,"Apr 20, 2020",$3.25,2325,7556,691344,"Apr 22, 2020, 02:27 PM",buy
43,MACK,Andersen Eric,Director,"Apr 21, 2020",$3.25,1424,4628,692768,"Apr 22, 2020, 02:27 PM",buy
44,GDL,CONN JAMES P,Director,"Apr 20, 2020",$7.91,1000,7910,2000,"Apr 22, 2020, 02:26 PM",buy
45,VOLT,MUELLER HERBERT M,SVP & Chief Financial Officer,"Apr 22, 2020",$0.73,10000,7288,12000,"Apr 22, 2020, 01:58 PM",buy
46,VOLT,PERNEAU LINDA,President and CEO,"Apr 22, 2020",$0.75,10000,7463,88541,"Apr 22, 2020, 01:52 PM",buy
47,PIH,"Fundamental Global Investors, LLC",Director,"Apr 21, 2020",$4.78,54443,260314,628875,"Apr 22, 2020, 12:34 PM",buy
48,PIH,"Fundamental Global Investors, LLC",Director,"Apr 20, 2020",$4.89,3364,16457,574432,"Apr 22, 2020, 12:34 PM",buy
49,PPR,"Saba Capital Management, L.P.",10% Owner,"Apr 20, 2020",$3.99,100000,399000,36106381,"Apr 22, 2020, 12:28 PM",buy
50,PPR,"Saba Capital Management, L.P.",10% Owner,"Apr 21, 2020",$3.94,214293,844314,36320674,"Apr 22, 2020, 12:28 PM",buy
51,PHD,"Saba Capital Management, L.P.",10% Owner,"Apr 21, 2020",$8.22,13367,109877,3302117,"Apr 22, 2020, 12:23 PM",buy
52,PHD,"Saba Capital Management, L.P.",10% Owner,"Apr 20, 2020",$8.39,20998,176173,3288750,"Apr 22, 2020, 12:23 PM",buy
53,EHI,"Saba Capital Management, L.P.",10% Owner,"Apr 20, 2020",$8.38,13326,111672,8738992,"Apr 22, 2020, 12:17 PM",buy
54,EHI,"Saba Capital Management, L.P.",10% Owner,"Apr 21, 2020",$8.13,544,4423,8739536,"Apr 22, 2020, 12:17 PM",buy
55,BQH,"Saba Capital Management, L.P.",10% Owner,"Apr 20, 2020",$14.49,962,13939,375830,"Apr 22, 2020, 12:14 PM",buy
56,DMLP,DORCHESTER MINERALS OPERATING LP,Entity Under Common Control,"Apr 20, 2020",$10.22,15000,153252,43024,"Apr 22, 2020, 10:13 AM",buy
57,TSC,Fetterolf Brian S,"CEO, TSC Bank, Director TSC","Apr 21, 2020",$12.96,8500,110160,61149,"Apr 22, 2020, 09:22 AM",buy
58,IMBI,Lalo Eyal,Director,"Apr 17, 2020",$2.04,691070,1411510,1091070,"Apr 21, 2020, 08:51 PM",buy
59,IMBI,Friedman Michael,Director,"Apr 17, 2020",$2.06,651444,1344059,911045,"Apr 21, 2020, 08:49 PM",buy
60,TGEN,Benjamin Locke M.,CEO,"Apr 21, 2020",$1.02,2000,2040,5418,"Apr 21, 2020, 07:23 PM",buy
61,LWAY,SMOLYANSKY JULIE,President and CEO,"Apr 20, 2020",$2.16,300,648,2516,"Apr 21, 2020, 06:31 PM",buy
62,LWAY,SMOLYANSKY JULIE,President and CEO,"Apr 17, 2020",$2.23,1600,3561,1827051,"Apr 21, 2020, 06:31 PM",buy
63,ICMB,Investcorp BDC Holdings Ltd,10% Owner,"Apr 20, 2020",$4.73,2700,12759,462108,"Apr 21, 2020, 05:47 PM",buy
64,ICMB,Investcorp BDC Holdings Ltd,10% Owner,"Apr 17, 2020",$4.73,3080,14555,459408,"Apr 21, 2020, 05:47 PM",buy
65,ICMB,Investcorp BDC Holdings Ltd,10% Owner,"Apr 21, 2020",$4.38,1815,7950,463923,"Apr 21, 2020, 05:47 PM",buy
66,TREC,Quarles Patrick D.,President and CEO,"Apr 21, 2020",$5.48,3224,17668,202257,"Apr 21, 2020, 05:13 PM",buy
67,NBAC,NeoGenesis Holding Co. Ltd.,10% Owner,"Feb 20, 2020",$10.00,272500,2725000,1645000,"Apr 21, 2020, 05:10 PM",buy
68,NBAC,Xiong Wenhui,Chief Executive Officer,"Feb 20, 2020",$10.00,272500,2725000,1645000,"Apr 21, 2020, 05:09 PM",buy
69,DLPN,Dougiello Charles Joseph,Director,"Sep 09, 2019",$0.96,830,796,308852,"Apr 21, 2020, 04:42 PM",buy
70,DLPN,Dougiello Charles Joseph,Director,"Sep 06, 2019",$0.94,1170,1099,308022,"Apr 21, 2020, 04:42 PM",buy
71,SHRG,DOCUMENT SECURITY SYSTEMS INC,10% Owner,"Apr 17, 2020",$0.09,1000000,85000,16082424,"Apr 21, 2020, 04:35 PM",buy
72,GPOR,Holroyd Samantha,See Explanation of Responses,"Apr 17, 2020",$0.72,20500,14821,20500,"Apr 21, 2020, 04:30 PM",buy
73,ESQ,Grossman Marc D,Director,"Mar 17, 2020",$18.99,2099,39857,6099,"Apr 21, 2020, 04:24 PM",buy
74,KMX,Goodman Shira,Director,"Apr 17, 2020",$63.91,1550,99060,26439,"Apr 21, 2020, 04:17 PM",buy
75,MYOV,"Sumitomo Chemical Co., Ltd.",10% Owner,"Apr 20, 2020",$11.82,50300,594425,47678904,"Apr 21, 2020, 04:01 PM",buy
76,MYOV,"Sumitomo Chemical Co., Ltd.",10% Owner,"Apr 17, 2020",$10.76,70000,753536,47628604,"Apr 21, 2020, 04:01 PM",buy
77,VOXX,Kahli Beat,10% Owner,"Apr 17, 2020",$4.66,29826,138989,2766693,"Apr 21, 2020, 04:00 PM",buy
78,VOXX,Kahli Beat,10% Owner,"Apr 20, 2020",$4.40,100000,440000,288037,"Apr 21, 2020, 04:00 PM",buy
79,VOXX,Kahli Beat,10% Owner,"Apr 17, 2020",$4.45,105000,467250,188037,"Apr 21, 2020, 04:00 PM",buy
80,TTP,CICCOTELLO CONRAD S,Director,"Apr 21, 2020",$3.23,1200,3876,3271,"Apr 21, 2020, 03:57 PM",buy
81,NTG,CICCOTELLO CONRAD S,Director,"Apr 21, 2020",$1.20,1200,1440,5591,"Apr 21, 2020, 03:55 PM",buy
82,NDP,CICCOTELLO CONRAD S,Director,"Apr 21, 2020",$1.26,1200,1512,5300,"Apr 21, 2020, 03:51 PM",buy
83,TYG,CICCOTELLO CONRAD S,Director,"Apr 21, 2020",$3.09,1200,3708,16186,"Apr 21, 2020, 03:48 PM",buy
84,PLPC,GIBBONS MICHAEL E,Director,"Apr 21, 2020",$46.71,23,1074,5640,"Apr 21, 2020, 02:36 PM",buy
85,VOLT,URSANER ARNOLD,Director,"Apr 20, 2020",$0.70,10000,7000,75288,"Apr 21, 2020, 01:03 PM",buy
86,RVP,SHAW THOMAS J,President and CEO,"Apr 20, 2020",$2.57,700,1799,14552306,"Apr 21, 2020, 12:22 PM",buy
87,CNBKA,Delinsky Stephen R,Director,"Apr 20, 2020",$59.70,46,2746,2790,"Apr 21, 2020, 11:45 AM",buy
88,TIPT,Barnes Michael Gene,Executive Chairman,"Apr 17, 2020",$5.35,2795,14945,8251925,"Apr 21, 2020, 10:05 AM",buy
89,TIPT,Barnes Michael Gene,Executive Chairman,"Apr 20, 2020",$5.26,2771,14564,8254696,"Apr 21, 2020, 10:05 AM",buy
90,TREC,Quarles Patrick D.,President and CEO,"Apr 20, 2020",$5.75,7231,41578,199033,"Apr 21, 2020, 08:48 AM",buy
91,SAMG,HOUGH RICHARD R III,Chairman and CEO,"Apr 20, 2020",$9.45,36,340,9586,"Apr 20, 2020, 08:34 PM",buy
92,SAMG,HOUGH RICHARD R III,Chairman and CEO,"Apr 17, 2020",$9.28,5350,49648,9550,"Apr 20, 2020, 08:34 PM",buy
93,XELB,D LOREN ROBERT W,CEO & Chairman,"Apr 20, 2020",$0.55,8000,4400,1375500,"Apr 20, 2020, 06:00 PM",buy
94,XELB,D LOREN ROBERT W,CEO & Chairman,"Apr 17, 2020",$0.55,1600,880,1367500,"Apr 20, 2020, 06:00 PM",buy
95,XELB,D LOREN ROBERT W,CEO & Chairman,"Apr 16, 2020",$0.55,1958,1077,1365900,"Apr 20, 2020, 06:00 PM",buy
96,LQDT,Angrick William P III,Chairman of the Board and CEO,"Apr 20, 2020",$4.98,16147,80412,4551871,"Apr 20, 2020, 05:39 PM",buy
97,LQDT,Angrick William P III,Chairman of the Board and CEO,"Apr 17, 2020",$4.89,29941,146411,4535724,"Apr 20, 2020, 05:39 PM",buy
98,LQDT,Angrick William P III,Chairman of the Board and CEO,"Apr 16, 2020",$4.75,29687,141013,4505783,"Apr 20, 2020, 05:39 PM",buy
99,AA,Nevels James E,Director,"Apr 17, 2020",$7.32,200,1464,13102,"Apr 20, 2020, 05:27 PM",buy
100,BKTI,"Fundamental Global Investors, LLC",Director,"Apr 16, 2020",$2.31,1073,2483,711192,"Apr 20, 2020, 05:08 PM",buy
101,BKTI,"Fundamental Global Investors, LLC",Director,"Apr 17, 2020",$2.42,1401,3392,1164316,"Apr 20, 2020, 05:08 PM",buy
102,BKTI,"Fundamental Global Investors, LLC",Director,"Apr 17, 2020",$2.42,600,1452,711792,"Apr 20, 2020, 05:08 PM",buy
103,BKTI,"Fundamental Global Investors, LLC",Director,"Apr 16, 2020",$2.31,2505,5796,1162915,"Apr 20, 2020, 05:08 PM",buy
1,BKTI,"Fundamental Global Investors, LLC",Director,"Apr 16, 2020",$2.31,2505,5796,1162915,"Apr 20, 2020, 05:08 PM",buy
2,BKTI,"Fundamental Global Investors, LLC",Director,"Apr 16, 2020",$2.31,1073,2483,711192,"Apr 20, 2020, 05:08 PM",buy
3,BKTI,"Fundamental Global Investors, LLC",Director,"Apr 17, 2020",$2.42,1401,3392,1164316,"Apr 20, 2020, 05:08 PM",buy
4,BKTI,"Fundamental Global Investors, LLC",Director,"Apr 17, 2020",$2.42,600,1452,711792,"Apr 20, 2020, 05:08 PM",buy
5,BTN,"Fundamental Global Investors, LLC",Director,"Apr 17, 2020",$1.64,2268,3722,1604908,"Apr 20, 2020, 05:07 PM",buy
6,BTN,"Fundamental Global Investors, LLC",Director,"Apr 16, 2020",$1.69,2268,3824,1617723,"Apr 20, 2020, 05:07 PM",buy
7,BTN,"Fundamental Global Investors, LLC",Director,"Apr 16, 2020",$1.69,2268,3824,1602640,"Apr 20, 2020, 05:07 PM",buy
8,BTN,"Fundamental Global Investors, LLC",Director,"Apr 17, 2020",$1.64,2268,3722,1619991,"Apr 20, 2020, 05:07 PM",buy
9,AGX,Getsinger Peter W,Director,"Apr 17, 2020",$35.10,1000,35100,12000,"Apr 20, 2020, 05:04 PM",buy
10,RGT,CLARK CHRISTOPHER D,President,"Apr 17, 2020",$8.91,3771,33600,33538,"Apr 20, 2020, 05:01 PM",buy
11,RGT,CLARK CHRISTOPHER D,President,"Apr 20, 2020",$8.89,6205,55132,39743,"Apr 20, 2020, 05:01 PM",buy
12,MN,McGreevy Aaron Thomas,See Remarks,"Mar 06, 2020",$1.57,2717,4266,209825,"Apr 20, 2020, 04:22 PM",buy
13,MS,LUCZO STEPHEN J,Director,"Apr 17, 2020",$38.68,19000,734871,190000,"Apr 20, 2020, 04:14 PM",buy
14,MNSB,Brockett Charles C.,President,"Apr 16, 2020",$13.75,150,2063,92766,"Apr 20, 2020, 04:10 PM",buy
15,HQI,Hermanns Richard,President and CEO,"Apr 15, 2020",$6.63,2500,16575,5846190,"Apr 20, 2020, 04:06 PM",buy
16,HQI,Hermanns Richard,President and CEO,"Apr 17, 2020",$6.64,2500,16605,5851190,"Apr 20, 2020, 04:06 PM",buy
17,HQI,Hermanns Richard,President and CEO,"Apr 16, 2020",$6.64,2500,16599,5848690,"Apr 20, 2020, 04:06 PM",buy
18,HQI,JACKSON EDWARD,Director,"Apr 17, 2020",$6.70,700,4690,2542794,"Apr 20, 2020, 04:04 PM",buy
19,HQI,JACKSON EDWARD,Director,"Apr 16, 2020",$6.70,1552,10398,2542094,"Apr 20, 2020, 04:04 PM",buy
20,ESQ,Grossman Marc D,Director,"Apr 16, 2020",$13.63,4000,54500,4000,"Apr 20, 2020, 03:37 PM",buy
21,OTIVF,Ivy Jerry Lafe JR,10% Owner,"Apr 16, 2020",$960000.00,4800000,4608000000000,13997757,"Apr 20, 2020, 03:31 PM",buy
22,SPWR,TOTAL S.A.,Director,"Apr 17, 2020",$6.59,18905,124612,87840263,"Apr 20, 2020, 03:30 PM",buy
23,SPWR,TOTAL S.A.,Director,"Apr 16, 2020",$6.51,66769,434686,87821358,"Apr 20, 2020, 03:30 PM",buy
24,YORW,Rasmussen Steven R,Director,"Apr 20, 2020",$42.35,14,593,2276,"Apr 20, 2020, 03:16 PM",buy
25,ASRV,WISE ROBERT L,Director,"Apr 15, 2020",$2.73,252,688,162359,"Apr 20, 2020, 02:07 PM",buy
26,CHCR,Marcus Clark A.,CEO,"Apr 17, 2020",$0.19,7500,1425,144300,"Apr 20, 2020, 01:44 PM",buy
27,SIEB,Gebbia Gloria E,Director,"Apr 16, 2020",$5.60,2181621,12217077,10031236,"Apr 20, 2020, 01:00 PM",buy
28,SCHW,Goldfarb Mark A,Director,"Apr 17, 2020",$36.17,5530,200048,27385,"Apr 20, 2020, 12:46 PM",buy
29,PHD,"Saba Capital Management, L.P.",10% Owner,"Apr 17, 2020",$8.43,35929,302881,3267752,"Apr 20, 2020, 11:45 AM",buy
30,PHD,"Saba Capital Management, L.P.",10% Owner,"Apr 16, 2020",$8.36,65030,543651,3231823,"Apr 20, 2020, 11:45 AM",buy
31,PIH,Hill John S,"EVP, Secretary & CFO","Apr 16, 2020",$20.60,100,2060,100,"Apr 20, 2020, 11:40 AM",buy
32,NHS,"Saba Capital Management, L.P.",10% Owner,"Apr 16, 2020",$9.52,16998,161821,4389449,"Apr 20, 2020, 11:32 AM",buy
33,EHI,"Saba Capital Management, L.P.",10% Owner,"Apr 17, 2020",$8.49,17429,147972,8725666,"Apr 20, 2020, 11:28 AM",buy
34,EHI,"Saba Capital Management, L.P.",10% Owner,"Apr 16, 2020",$8.30,121936,1012069,8708237,"Apr 20, 2020, 11:28 AM",buy
35,OTIVF,Medford James Scott,Director,"Apr 16, 2020",$0.20,240000,48000,510000,"Apr 20, 2020, 11:18 AM",buy
36,RDGL,Korenko Michael K,President and CEO,"Apr 15, 2020",$0.03,70000,1750,564315,"Apr 20, 2020, 09:30 AM",buy
37,YORW,DOTZEL CYNTHIA,Director,"Apr 15, 2020",$44.55,25,1114,15005,"Apr 20, 2020, 08:44 AM",buy
38,YORW,DOTZEL CYNTHIA,Director,"Apr 16, 2020",$42.35,15,635,15047,"Apr 20, 2020, 08:44 AM",buy
39,PIH,"Fundamental Global Investors, LLC",Director,"Apr 17, 2020",$4.78,23400,111868,571068,"Apr 20, 2020, 08:41 AM",buy
40,CRNX,PERCEPTIVE ADVISORS LLC,10% Owner,"Apr 17, 2020",$14.00,1071428,14999992,3659381,"Apr 20, 2020, 08:30 AM",buy
41,OPK,FROST PHILLIP MD ET AL,CEO & Chairman,"Apr 17, 2020",$1.66,325000,540364,189271694,"Apr 20, 2020, 08:06 AM",buy
42,JVA,Rotelli John,Director,"Apr 16, 2020",$2.70,1290,3483,5298,"Apr 17, 2020, 08:30 PM",buy
43,AMAR,CHEN STEPHEN T,"President,Chairman,CEO,CFO","Apr 16, 2020",$0.23,200,46,776500,"Apr 17, 2020, 08:05 PM",buy
44,AMAR,CHEN STEPHEN T,"President,Chairman,CEO,CFO","Apr 15, 2020",$0.22,100,22,776300,"Apr 17, 2020, 08:05 PM",buy
45,AMAR,CHEN STEPHEN T,"President,Chairman,CEO,CFO","Apr 17, 2020",$0.23,100,23,776600,"Apr 17, 2020, 08:05 PM",buy
46,HII,Bilden Philip M.,Director,"Apr 15, 2020",$190.00,526,99940,14143,"Apr 17, 2020, 08:05 PM",buy
47,GRWC,Kennedy Terry Joe,10% Owner,"Dec 12, 2019",$0.05,1000000,50000,14834002,"Apr 17, 2020, 07:38 PM",buy
48,SPLP,LICHTENSTEIN WARREN G,Executive Chairman,"Apr 17, 2020",$4.96,700,3474,187612,"Apr 17, 2020, 07:14 PM",buy
49,SPLP,LICHTENSTEIN WARREN G,Executive Chairman,"Apr 16, 2020",$5.00,100,500,186912,"Apr 17, 2020, 07:14 PM",buy
50,SPLP,LICHTENSTEIN WARREN G,Executive Chairman,"Apr 15, 2020",$4.80,2,10,186812,"Apr 17, 2020, 07:14 PM",buy
51,BBCP,BROWN DAVID A B,Director,"Apr 16, 2020",$2.02,10590,21392,75601,"Apr 17, 2020, 06:55 PM",buy
52,BBCP,BROWN DAVID A B,Director,"Apr 16, 2020",$2.02,7825,15806,83426,"Apr 17, 2020, 06:55 PM",buy
53,ECC,Tramontano Paul E.,Director,"Apr 17, 2020",$6.20,10000,62000,27127,"Apr 17, 2020, 06:45 PM",buy
54,PRSP,Ventling Michael Earl,Director,"Apr 16, 2020",$19.00,2000,38000,17400,"Apr 17, 2020, 06:05 PM",buy
55,JCAP,Decker Mark O.,Director,"Apr 15, 2020",$12.31,424,5219,24574,"Apr 17, 2020, 05:54 PM",buy
56,FPH,"Luxor Capital Group, LP",10% Owner,"Apr 15, 2020",$4.55,171045,778255,3280845,"Apr 17, 2020, 05:40 PM",buy
57,FPH,"Luxor Capital Group, LP",10% Owner,"Apr 15, 2020",$4.55,67089,305255,1518016,"Apr 17, 2020, 05:40 PM",buy
58,FPH,"Luxor Capital Group, LP",10% Owner,"Apr 15, 2020",$4.55,254466,1157820,5711255,"Apr 17, 2020, 05:40 PM",buy
59,IGEN,Chan Neil Gene,CEO,"Apr 14, 2020",$0.01,1000000,7000,6798111,"Apr 17, 2020, 05:40 PM",buy
60,IGEN,Chan Neil Gene,CEO,"Apr 17, 2020",$0.01,500000,4000,9798111,"Apr 17, 2020, 05:40 PM",buy
61,IGEN,Chan Neil Gene,CEO,"Apr 16, 2020",$0.01,500000,4500,9298111,"Apr 17, 2020, 05:40 PM",buy
62,IGEN,Chan Neil Gene,CEO,"Apr 15, 2020",$0.01,2000000,14000,8798111,"Apr 17, 2020, 05:40 PM",buy
63,CONN,MARTIN DOUGLAS H,Director,"Apr 16, 2020",$4.03,3000,12086,96601,"Apr 17, 2020, 05:40 PM",buy
64,CONN,MARTIN DOUGLAS H,Director,"Apr 16, 2020",$4.09,6000,24559,54077,"Apr 17, 2020, 05:40 PM",buy
65,CONN,MARTIN DOUGLAS H,Director,"Apr 15, 2020",$4.37,5000,21864,48077,"Apr 17, 2020, 05:40 PM",buy
66,IMVT,Roivant Sciences Ltd.,10% Owner,"Apr 16, 2020",$14.50,1034483,15000004,38439450,"Apr 17, 2020, 05:28 PM",buy
67,MDIA,Standard General L.P.,10% Owner,"Apr 15, 2020",$3.56,5000,17811,118431,"Apr 17, 2020, 05:10 PM",buy
68,MDIA,Standard General L.P.,10% Owner,"Apr 17, 2020",$3.57,900,3211,119731,"Apr 17, 2020, 05:10 PM",buy
69,MDIA,Standard General L.P.,10% Owner,"Apr 16, 2020",$3.59,400,1436,118831,"Apr 17, 2020, 05:10 PM",buy
70,QMCO,"B. Riley Financial, Inc.",10% Owner,"Apr 16, 2020",$3.65,425,1551,8477004,"Apr 17, 2020, 05:07 PM",buy
71,QMCO,"B. Riley Financial, Inc.",10% Owner,"Apr 15, 2020",$3.59,21842,78402,8476579,"Apr 17, 2020, 05:07 PM",buy
72,ECC,Onorio Kenneth P.,CFO/COO,"Apr 17, 2020",$6.45,3000,19350,25394,"Apr 17, 2020, 04:43 PM",buy
73,ECC,Majewski Thomas P.,Chief Executive Officer,"Apr 17, 2020",$6.55,5000,32750,60000,"Apr 17, 2020, 04:34 PM",buy
74,KEY,Gorman Christopher M.,President and COO,"Apr 17, 2020",$10.36,100000,1036000,606941,"Apr 17, 2020, 04:33 PM",buy
75,TLYS,Henry Michael,CFO,"Apr 16, 2020",$4.55,1000,4548,36290,"Apr 17, 2020, 04:32 PM",buy
76,STAG,Jacoby Francis X III,Director,"Mar 13, 2020",$24.50,2000,49000,2000,"Apr 17, 2020, 04:27 PM",buy
77,BSET,SPILMAN ROBERT H JR,Chairman & CEO,"Apr 16, 2020",$5.47,5000,27350,241430,"Apr 17, 2020, 04:21 PM",buy
78,BSET,SPILMAN ROBERT H JR,Chairman & CEO,"Apr 15, 2020",$5.95,30000,178500,236430,"Apr 17, 2020, 04:21 PM",buy
79,GME,Sherman George E Jr,Chief Executive Officer,"Apr 17, 2020",$4.52,25000,112910,1127762,"Apr 17, 2020, 04:19 PM",buy
80,ZAGG,TERINO EDWARD,Director,"Apr 17, 2020",$3.45,30000,103518,30000,"Apr 17, 2020, 04:18 PM",buy
81,EIC,Majewski Thomas P.,Chairman and CEO,"Apr 17, 2020",$10.40,1000,10400,11100,"Apr 17, 2020, 04:12 PM",buy
82,UMH,Mitchell William Edward,Director,"Apr 15, 2020",$10.88,460,5003,2671,"Apr 17, 2020, 04:08 PM",buy
83,SHRG,DOCUMENT SECURITY SYSTEMS INC,10% Owner,"Apr 15, 2020",$0.08,189080,14181,15082424,"Apr 17, 2020, 04:05 PM",buy
84,TREC,Quarles Patrick D.,President and CEO,"Apr 17, 2020",$5.67,15066,85424,191802,"Apr 17, 2020, 03:59 PM",buy
85,VABK,Payne Susan K,Director,"Apr 17, 2020",$30.00,152,4560,16502,"Apr 17, 2020, 03:30 PM",buy
86,FRAF,Henry Timothy G,CEO,"Apr 15, 2020",$28.99,34,986,6169,"Apr 17, 2020, 03:17 PM",buy
87,TFFP,Fletcher Aaron G.L.,Director,"Apr 15, 2020",$4.72,5581,26342,75000,"Apr 17, 2020, 03:06 PM",buy
88,CADXX,"CION Ares Management, LLC",10% Owner,"Apr 09, 2020",$21.79,46,1002,46,"Apr 17, 2020, 02:47 PM",buy
89,CNBKA,EVANGELISTA PAUL A,Executive Vice President,"Apr 16, 2020",$88.16,7,617,5931,"Apr 17, 2020, 02:09 PM",buy
90,CNBKA,SLOANE BARRY R,"Chairman, CEO and President","Apr 16, 2020",$108.17,1,108,1691,"Apr 17, 2020, 02:07 PM",buy
91,GABC,Ramsey Chris A,Director,"Apr 15, 2020",$26.22,64,1678,21931,"Apr 17, 2020, 02:05 PM",buy
92,GABC,SEGER THOMAS W,Director,"Apr 15, 2020",$26.22,162,4248,372217,"Apr 17, 2020, 02:00 PM",buy
93,GABC,Snowden Raymond Ward,Director,"Apr 15, 2020",$26.22,97,2544,31364,"Apr 17, 2020, 01:54 PM",buy
94,GABC,SHEIDLER JACK,Director,"Apr 15, 2020",$26.22,65,1704,51341,"Apr 17, 2020, 01:38 PM",buy
95,GABC,Ryan Christina M,Director,"Apr 15, 2020",$26.22,34,892,2997,"Apr 17, 2020, 01:33 PM",buy
96,GABC,KLEM U BUTCH,Director,"Apr 15, 2020",$26.22,162,4248,183046,"Apr 17, 2020, 01:23 PM",buy
97,GABC,KELLY JASON M,Director,"Apr 15, 2020",$26.22,65,1704,2549,"Apr 17, 2020, 01:18 PM",buy
98,GABC,Bawel Zachary W,Director,"Apr 15, 2020",$26.22,97,2544,6986,"Apr 17, 2020, 01:11 PM",buy
99,MIGT,KOK SENG YEAP,CEO,"Apr 10, 2020",$0.00,90000,90,99156,"Apr 17, 2020, 12:43 PM",buy
100,MIGT,KOK SENG YEAP,CEO,"Mar 24, 2020",$0.00,9156,9,9156,"Apr 17, 2020, 12:43 PM",buy
101,MYOV,"Sumitomo Chemical Co., Ltd.",10% Owner,"Apr 15, 2020",$10.48,70000,733698,47488604,"Apr 17, 2020, 12:38 PM",buy
102,MYOV,"Sumitomo Chemical Co., Ltd.",10% Owner,"Apr 16, 2020",$10.64,70000,744674,47558604,"Apr 17, 2020, 12:38 PM",buy
1,PFSI,Walker David M,Chief Risk Officer,"Apr 24, 2020",$26.59,5000,132950,383285,"Apr 24, 2020, 06:54 PM",sell
2,PFSI,Walker David M,Chief Risk Officer,"Apr 23, 2020",$27.73,10000,277331,388585,"Apr 24, 2020, 06:54 PM",sell
3,TDY,DAHLBERG KENNETH C,Director,"Apr 24, 2020",$312.73,1532,479096,18728,"Apr 24, 2020, 06:53 PM",sell
4,EVER,Birnbaum Seth,President and CEO,"Apr 22, 2020",$37.66,9307,350502,573396,"Apr 24, 2020, 06:53 PM",sell
5,EVER,Birnbaum Seth,President and CEO,"Apr 23, 2020",$40.61,300,12183,573096,"Apr 24, 2020, 06:53 PM",sell
6,ODC,JAFFEE DANIEL S,"Chairman, President and CEO","Apr 22, 2020",$35.05,6139,215172,0,"Apr 24, 2020, 06:32 PM",sell
7,ODC,JAFFEE DANIEL S,"Chairman, President and CEO","Apr 24, 2020",$35.09,918,32213,0,"Apr 24, 2020, 06:32 PM",sell
8,ODC,JAFFEE DANIEL S,"Chairman, President and CEO","Apr 23, 2020",$35.06,300,10518,0,"Apr 24, 2020, 06:32 PM",sell
9,PLMR,Armstrong Mac,Chief Executive Officer,"Apr 22, 2020",$59.70,12500,746224,812888,"Apr 24, 2020, 06:26 PM",sell
10,ACAD,Stankovic Srdjan R.,President,"Apr 23, 2020",$50.07,18949,948729,6027,"Apr 24, 2020, 06:00 PM",sell
11,TMDX,Gordon Stephen,Chief Financial Officer,"Apr 22, 2020",$18.00,100,1800,28471,"Apr 24, 2020, 05:54 PM",sell
12,AMK,Goldman Charles G,President and CEO,"Apr 24, 2020",$22.21,4115,91394,2373052,"Apr 24, 2020, 05:35 PM",sell
13,AMK,Goldman Charles G,President and CEO,"Apr 23, 2020",$22.15,23411,518554,2377167,"Apr 24, 2020, 05:35 PM",sell
14,AMK,Goldman Charles G,President and CEO,"Apr 22, 2020",$22.04,63,1389,2400578,"Apr 24, 2020, 05:35 PM",sell
15,RNG,Agarwal Vaibhav,Chief Accounting Officer,"Apr 22, 2020",$243.54,423,103017,22554,"Apr 24, 2020, 05:33 PM",sell
16,RGEN,BARTHELEMY NICOLAS,Director,"Apr 22, 2020",$109.99,2688,295653,3037,"Apr 24, 2020, 05:22 PM",sell
17,ALBO,Horn Patrick Taylor,Chief Medical Officer,"Apr 22, 2020",$17.64,92,1623,4465,"Apr 24, 2020, 05:22 PM",sell
18,ALBO,Duncan Jason,Chief Legal Officer and GC,"Apr 22, 2020",$17.68,92,1627,4461,"Apr 24, 2020, 05:20 PM",sell
19,FAST,Hein LeLand J,Senior Executive VP,"Apr 24, 2020",$35.50,2500,88750,7611,"Apr 24, 2020, 05:06 PM",sell
20,FAST,Hein LeLand J,Senior Executive VP,"Apr 22, 2020",$34.84,5473,190679,0,"Apr 24, 2020, 05:06 PM",sell
21,FREQ,Lucchino David L.,President and CEO,"Apr 23, 2020",$16.08,1410,22674,455482,"Apr 24, 2020, 05:06 PM",sell
22,REAL,Bjork Fredrik,Chief Technology Officer,"Apr 23, 2020",$9.59,817,7835,243730,"Apr 24, 2020, 05:01 PM",sell
23,FREQ,Loose Christopher R.,Chief Scientific Officer,"Apr 22, 2020",$14.84,4500,66794,196282,"Apr 24, 2020, 04:52 PM",sell
24,CRM,Tallapragada Srinivas,Pres/Chief Engineering Officer,"Apr 23, 2020",$155.25,800,124197,40107,"Apr 24, 2020, 04:51 PM",sell
25,QURE,Kapusta Matthew C,"CEO, CFO, Managing Director","Apr 22, 2020",$56.87,9376,533205,319742,"Apr 24, 2020, 04:46 PM",sell
26,COUP,Riggs Mark,Chief Customer Officer,"Apr 24, 2020",$161.62,929,150145,0,"Apr 24, 2020, 04:40 PM",sell
27,YEXT,Dixon Tom Christopher,Chief Technology Officer,"Apr 23, 2020",$11.71,2500,29286,198908,"Apr 24, 2020, 04:32 PM",sell
28,CARG,Steinert Langley,CEO and Chairman,"Apr 23, 2020",$20.01,2218,44382,1815034,"Apr 24, 2020, 04:26 PM",sell
29,CARG,Steinert Langley,CEO and Chairman,"Apr 22, 2020",$20.01,76,1521,254176,"Apr 24, 2020, 04:26 PM",sell
30,CARG,Steinert Langley,CEO and Chairman,"Apr 22, 2020",$20.01,924,18489,1817252,"Apr 24, 2020, 04:26 PM",sell
31,CARG,Steinert Langley,CEO and Chairman,"Apr 23, 2020",$20.01,182,3642,253994,"Apr 24, 2020, 04:26 PM",sell
32,CNK,Humrichouse Ximena G,Director,"Mar 30, 2020",$11.40,5000,56976,21045,"Apr 24, 2020, 04:22 PM",sell
33,VRTX,Lee Yuchun,Director,"Apr 23, 2020",$272.53,2000,545052,3522,"Apr 24, 2020, 04:17 PM",sell
34,VRTX,Lee Yuchun,Director,"Apr 22, 2020",$267.88,2000,535753,3575,"Apr 24, 2020, 04:17 PM",sell
35,GO,Bracher Charles,Chief Financial Officer,"Apr 22, 2020",$35.77,9375,335383,46068,"Apr 24, 2020, 04:16 PM",sell
36,EBS,El-Hibri Fuad,Chairman,"Apr 22, 2020",$66.81,20000,1336200,1289523,"Apr 24, 2020, 04:16 PM",sell
37,EBS,El-Hibri Fuad,Chairman,"Apr 23, 2020",$68.49,20000,1369800,1269523,"Apr 24, 2020, 04:16 PM",sell
38,GO,Wilson Steven K.,"SVP, Purchasing","Apr 22, 2020",$36.43,42563,1550704,146418,"Apr 24, 2020, 04:15 PM",sell
39,GO,Bracher Charles,Chief Financial Officer,"Apr 08, 2020",$36.49,46875,1710469,42090,"Apr 24, 2020, 04:15 PM",sell
40,MNTA,FIER IAN,Chief Mfg and Program Officer,"Apr 22, 2020",$31.11,1314,40879,7690,"Apr 24, 2020, 04:13 PM",sell
41,STX,LUCZO STEPHEN J,Director,"Apr 22, 2020",$50.49,5000,252439,675666,"Apr 24, 2020, 04:08 PM",sell
42,MASI,KIANI JOE E,CEO and Chairman of the Board,"Apr 22, 2020",$200.27,11336,2270251,159241,"Apr 24, 2020, 04:05 PM",sell
43,HRTG,Vattamattam Joseph,Director,"Jul 10, 2015",$25.00,2650,66250,28791,"Apr 24, 2020, 04:05 PM",sell
44,HRTG,Vattamattam Joseph,Director,"Jun 25, 2015",$21.98,5000,109900,31441,"Apr 24, 2020, 04:05 PM",sell
45,HRTG,Vattamattam Joseph,Director,"May 14, 2015",$20.95,15000,314250,36441,"Apr 24, 2020, 04:05 PM",sell
46,PTC,FERNANDEZ PHILLIP M,Director,"Apr 23, 2020",$64.82,250,16205,22054,"Apr 24, 2020, 04:03 PM",sell
47,SAM,Grinnell David L.,Vice President of Brewing,"Apr 23, 2020",$432.50,947,409578,1595,"Apr 24, 2020, 04:02 PM",sell
48,SAM,KOCH C JAMES,Chairman,"Apr 23, 2020",$427.18,19300,8244643,198341,"Apr 24, 2020, 04:02 PM",sell
49,CIEN,SMITH GARY B,"President, CEO","Apr 23, 2020",$45.15,4250,191906,432014,"Apr 24, 2020, 01:10 PM",sell
50,CIEN,SMITH GARY B,"President, CEO","Apr 22, 2020",$44.79,4250,190363,436264,"Apr 24, 2020, 01:10 PM",sell
51,RARE,Fust Matthew K,Director,"Apr 22, 2020",$65.00,1875,121875,12875,"Apr 24, 2020, 01:00 PM",sell
52,SHSP,CAT ROCK CAPITAL MANAGEMENT LP,10% Owner,"Apr 23, 2020",$6.78,9828,66614,1219095,"Apr 24, 2020, 12:46 PM",sell
53,GIFI,RICHARD C D,Director,"Apr 22, 2020",$2.93,500,1467,4125,"Apr 24, 2020, 12:15 PM",sell
54,"OPGN,OPGNW",Curetis N.V. in Liquidation,10% Owner,"Apr 23, 2020",$2.17,46612,101148,1622568,"Apr 24, 2020, 09:31 AM",sell
55,"OPGN,OPGNW",Curetis N.V. in Liquidation,10% Owner,"Apr 22, 2020",$2.24,42375,94920,1669180,"Apr 24, 2020, 09:31 AM",sell
56,GGO.A,GABELLI MARIO J,Director,"Apr 22, 2020",$40.25,300,12074,14800,"Apr 23, 2020, 09:47 PM",sell
57,GGO.A,GABELLI MARIO J,Director,"Apr 21, 2020",$40.26,100,4026,15100,"Apr 23, 2020, 09:47 PM",sell
58,QTRX,HRUSOVSKY E KEVIN,"Chairman, President & CEO","Apr 23, 2020",$24.92,5000,124587,1114517,"Apr 23, 2020, 09:45 PM",sell
59,QTRX,HRUSOVSKY E KEVIN,"Chairman, President & CEO","Apr 21, 2020",$23.67,5000,118351,1120747,"Apr 23, 2020, 09:45 PM",sell
60,ABT,Ginascol John F,Executive Vice President,"Apr 21, 2020",$96.00,63200,6067051,105679,"Apr 23, 2020, 09:41 PM",sell
61,ABT,CAPEK JOHN M,Executive Vice President,"Apr 21, 2020",$95.87,50100,4803326,335501,"Apr 23, 2020, 09:34 PM",sell
62,ABT,Scoggins Christopher J,Senior Vice President,"Apr 21, 2020",$96.10,414,39785,39706,"Apr 23, 2020, 09:28 PM",sell
63,UBER,Camp Garrett,Director,"Apr 21, 2020",$27.33,170000,4645964,46914183,"Apr 23, 2020, 08:46 PM",sell
64,UBER,Camp Garrett,Director,"Apr 23, 2020",$28.67,170000,4873883,46543298,"Apr 23, 2020, 08:46 PM",sell
65,UBER,Camp Garrett,Director,"Apr 22, 2020",$28.06,170000,4770111,46713398,"Apr 23, 2020, 08:46 PM",sell
66,KTOS,DEMARCO ERIC M,President & CEO,"Apr 21, 2020",$13.98,10000,139799,479650,"Apr 23, 2020, 08:45 PM",sell
67,IPHI,Torten Ron,Sr. VP Operations & IT,"Apr 21, 2020",$96.17,9174,882293,65905,"Apr 23, 2020, 08:31 PM",sell
68,DDOG,OBSTLER DAVID M,Chief Financial Officer,"Apr 22, 2020",$40.94,20000,818727,101679,"Apr 23, 2020, 08:04 PM",sell
69,CRM,Benioff Marc,Chair of the Board & CEO,"Apr 23, 2020",$153.85,10000,1538547,30116326,"Apr 23, 2020, 07:48 PM",sell
70,TCRD,Flynn Christopher J.,CEO,"Apr 21, 2020",$2.97,30600,90882,141478,"Apr 23, 2020, 07:39 PM",sell
71,TSLF,Flynn Christopher J.,President of the Advisor,"Apr 21, 2020",$11.54,2599,29992,575,"Apr 23, 2020, 07:37 PM",sell
72,NEOG,HERBERT JAMES L,Director,"Apr 21, 2020",$66.13,19368,1280835,10288,"Apr 23, 2020, 06:46 PM",sell
73,FB,Newstead Jennifer,VP and General Counsel,"Apr 21, 2020",$175.28,97,17002,1667,"Apr 23, 2020, 06:27 PM",sell
74,CNK,Humrichouse Ximena G,Director,"Mar 30, 2020",$11.40,5000,56976,21045,"Apr 23, 2020, 06:20 PM",sell
75,NEM,Cmil Jennifer,"EVP, Human Resources","Apr 21, 2020",$58.49,2571,150378,22231,"Apr 23, 2020, 06:17 PM",sell
76,SOTK,SCHWARTZ SAMUEL,Director,"Apr 22, 2020",$2.41,1700,4097,1313647,"Apr 23, 2020, 06:07 PM",sell
77,SOTK,SCHWARTZ SAMUEL,Director,"Apr 21, 2020",$2.35,200,470,1315347,"Apr 23, 2020, 06:07 PM",sell
78,ACN,Shook Ellyn,Chief Leadership & HR Officer,"Apr 23, 2020",$175.00,1251,218925,25178,"Apr 23, 2020, 05:54 PM",sell
79,RNG,Shmunis Vladimir,CEO & Chairman,"Apr 21, 2020",$248.30,1870,464320,17558,"Apr 23, 2020, 05:23 PM",sell
80,RNG,Shmunis Vladimir,CEO & Chairman,"Apr 21, 2020",$248.31,2930,727554,242786,"Apr 23, 2020, 05:23 PM",sell
81,RNG,Shmunis Vladimir,CEO & Chairman,"Apr 21, 2020",$238.05,14130,3363608,31727,"Apr 23, 2020, 05:22 PM",sell
82,RNG,Shmunis Vladimir,CEO & Chairman,"Apr 21, 2020",$238.05,22070,5253657,264917,"Apr 23, 2020, 05:22 PM",sell
83,SENS,NEW ENTERPRISE ASSOCIATES 10 L P,10% Owner,"Apr 22, 2020",$0.63,119712,75861,19747649,"Apr 23, 2020, 05:18 PM",sell
84,SENS,NEW ENTERPRISE ASSOCIATES 10 L P,10% Owner,"Apr 21, 2020",$0.66,45349,29998,19867361,"Apr 23, 2020, 05:18 PM",sell
85,IMMR,Haidamus Ramzi,President and CEO,"Apr 21, 2020",$6.03,7611,45894,57603,"Apr 23, 2020, 05:10 PM",sell
86,PEGA,STILLWELL KENNETH,"CFO, SVP","Apr 21, 2020",$74.32,2000,148646,12382,"Apr 23, 2020, 05:00 PM",sell
87,HLIX,VENEGAS ZACHARY L,Chief Executive Officer,"Apr 22, 2020",$0.11,5000,562,22132228,"Apr 23, 2020, 04:59 PM",sell
88,HLIX,VENEGAS ZACHARY L,Chief Executive Officer,"Apr 21, 2020",$0.12,5000,620,22137228,"Apr 23, 2020, 04:59 PM",sell
89,HLIX,Ogur Scott Matthew,Chief Financial Officer,"Apr 21, 2020",$0.12,5000,620,22137228,"Apr 23, 2020, 04:46 PM",sell
90,HLIX,Ogur Scott Matthew,Chief Financial Officer,"Apr 22, 2020",$0.11,5000,562,22132228,"Apr 23, 2020, 04:46 PM",sell
91,HLIX,HELIX OPPORTUNITIES LLC,10% Owner,"Apr 22, 2020",$0.11,5000,562,22132228,"Apr 23, 2020, 04:36 PM",sell
92,HLIX,HELIX OPPORTUNITIES LLC,10% Owner,"Apr 21, 2020",$0.12,5000,620,22137228,"Apr 23, 2020, 04:36 PM",sell
93,INSP,Jandrich Steven,"Chief Comp Off & VP, Human Res","Apr 21, 2020",$72.68,2000,145360,1805,"Apr 23, 2020, 04:31 PM",sell
94,ZNGA,Bromberg Matthew S,Chief Operating Officer,"Apr 21, 2020",$7.53,12000,90360,807609,"Apr 23, 2020, 04:26 PM",sell
95,PRTH,Kiewiet Sean,Chief Technology Officer,"Apr 22, 2020",$1.61,1641,2646,2357521,"Apr 23, 2020, 04:16 PM",sell
96,PRTH,Kiewiet Sean,Chief Technology Officer,"Apr 21, 2020",$1.60,1426,2282,2358647,"Apr 23, 2020, 04:16 PM",sell
97,CDLX,Grimes Scott D.,Chief Executive Officer,"Apr 22, 2020",$40.65,37500,1524345,251803,"Apr 23, 2020, 04:15 PM",sell
98,CWBR,Cundy Kenneth C,Chief Scientific Officer,"Apr 22, 2020",$1.90,4700,8930,10000,"Apr 23, 2020, 04:10 PM",sell
99,CWBR,Cundy Kenneth C,Chief Scientific Officer,"Apr 21, 2020",$1.90,5300,10070,10000,"Apr 23, 2020, 04:10 PM",sell
100,CDXS,KELLEY BERNARD J,Director,"Apr 21, 2020",$10.58,2500,26450,207184,"Apr 23, 2020, 04:07 PM",sell
1,BAND,Bottorff Rebecca,Chief People Officer,"Apr 22, 2020",$80.00,3409,272720,6791,"Apr 23, 2020, 04:02 PM",sell
2,TPX,Dilsaver Evelyn S,Director,"Apr 21, 2020",$41.28,158,6522,27911,"Apr 23, 2020, 04:01 PM",sell
3,SAM,KOCH C JAMES,Chairman,"Apr 22, 2020",$426.39,4218,1798494,206569,"Apr 23, 2020, 04:01 PM",sell
4,MLI,HANSEN JOHN B,Director,"Apr 23, 2020",$24.76,1000,24761,14000,"Apr 23, 2020, 03:45 PM",sell
5,COST,Murphy James P.,Executive VP,"Apr 22, 2020",$310.00,5000,1550000,37771,"Apr 23, 2020, 12:43 PM",sell
6,ISRG,Myriam Curet,EVP & Chief Medical Officer,"Apr 22, 2020",$503.76,3000,1511280,3066,"Apr 23, 2020, 12:23 PM",sell
7,SHSP,CAT ROCK CAPITAL MANAGEMENT LP,10% Owner,"Apr 22, 2020",$6.81,53412,363677,1228923,"Apr 23, 2020, 11:50 AM",sell
8,TIPT,Bell Sandra,Chief Financial Officer,"Apr 22, 2020",$5.37,200,1074,39035,"Apr 23, 2020, 09:45 AM",sell
9,TIPT,Bell Sandra,Chief Financial Officer,"Apr 21, 2020",$5.00,200,1000,39235,"Apr 23, 2020, 09:45 AM",sell
10,EXEL,SCANGOS GEORGE A,Director,"Apr 21, 2020",$25.04,5800,145232,857231,"Apr 22, 2020, 08:50 PM",sell
11,EXEL,SCANGOS GEORGE A,Director,"Apr 20, 2020",$23.89,50000,1194637,894531,"Apr 22, 2020, 08:50 PM",sell
12,EXEL,SCANGOS GEORGE A,Director,"Apr 22, 2020",$25.05,4200,105210,853031,"Apr 22, 2020, 08:50 PM",sell
13,EXEL,Haley Patrick J.,"EVP, Commercial","Apr 20, 2020",$24.00,5000,120000,116873,"Apr 22, 2020, 08:49 PM",sell
14,DT,Pace Stephen J.,"SVP, Global Sales","Apr 22, 2020",$28.00,30000,840000,417891,"Apr 22, 2020, 08:35 PM",sell
15,RDI,James J. Cotter Living Trust,10% Owner,"Apr 22, 2020",$3.91,2500,9770,1757649,"Apr 22, 2020, 08:17 PM",sell
16,RDI,James J. Cotter Living Trust,10% Owner,"Apr 21, 2020",$3.81,2500,9531,1760149,"Apr 22, 2020, 08:17 PM",sell
17,RDI,James J. Cotter Living Trust,10% Owner,"Apr 20, 2020",$3.98,2500,9940,1762649,"Apr 22, 2020, 08:17 PM",sell
18,CNST,Valentine Karen,See Remarks,"Apr 20, 2020",$33.65,789,26550,0,"Apr 22, 2020, 08:17 PM",sell
19,CRWD,Carpenter Michael J.,"PRES., GLBAL SALES & FLD OPS","Apr 21, 2020",$70.03,4400,308132,129652,"Apr 22, 2020, 08:17 PM",sell
20,CRWD,Carpenter Michael J.,"PRES., GLBAL SALES & FLD OPS","Apr 20, 2020",$70.00,3000,210000,129652,"Apr 22, 2020, 08:17 PM",sell
21,RDI,COTTER MARGARET,"EVP, Real Estate Dev.","Apr 21, 2020",$3.81,2500,9531,1760149,"Apr 22, 2020, 08:16 PM",sell
22,RDI,COTTER MARGARET,"EVP, Real Estate Dev.","Apr 20, 2020",$3.98,2500,9940,1762649,"Apr 22, 2020, 08:16 PM",sell
23,RDI,COTTER MARGARET,"EVP, Real Estate Dev.","Apr 22, 2020",$3.91,2500,9770,1757649,"Apr 22, 2020, 08:16 PM",sell
24,CRWD,Kurtz George,PRESIDENT AND CEO,"Apr 20, 2020",$68.26,30952,2112783,15476,"Apr 22, 2020, 08:16 PM",sell
25,CRWD,Kurtz George,PRESIDENT AND CEO,"Apr 20, 2020",$68.26,2344,160001,1172,"Apr 22, 2020, 08:16 PM",sell
26,CRWD,Kurtz George,PRESIDENT AND CEO,"Apr 20, 2020",$68.26,2344,160001,1172,"Apr 22, 2020, 08:16 PM",sell
27,RDI,COTTER ELLEN M,"Chairperson, President and CEO","Apr 20, 2020",$3.98,2500,9940,1762649,"Apr 22, 2020, 08:15 PM",sell
28,RDI,COTTER ELLEN M,"Chairperson, President and CEO","Apr 22, 2020",$3.91,2500,9770,1757649,"Apr 22, 2020, 08:15 PM",sell
29,RDI,COTTER ELLEN M,"Chairperson, President and CEO","Apr 21, 2020",$3.81,2500,9531,1760149,"Apr 22, 2020, 08:15 PM",sell
30,CABO,Bowker Michael E.,Chief Operating Officer,"Apr 20, 2020",$1700.00,381,647700,2357,"Apr 22, 2020, 08:09 PM",sell
31,CRM,Benioff Marc,Chair of the Board & CEO,"Apr 22, 2020",$153.36,10000,1533623,30118300,"Apr 22, 2020, 08:08 PM",sell
32,CRM,Benioff Marc,Chair of the Board & CEO,"Apr 21, 2020",$152.34,10000,1523351,30118000,"Apr 22, 2020, 08:08 PM",sell
33,CABO,McDonald Charles B.,"SVP, Operations","Apr 20, 2020",$1700.00,1346,2288200,1026,"Apr 22, 2020, 08:07 PM",sell
34,DRNA,GREEN JOHN B,Chief Financial Officer,"Apr 20, 2020",$22.95,25624,588071,19421,"Apr 22, 2020, 08:00 PM",sell
35,ADPT,ROBINS HARLAN S,Chief Scientific Officer,"Apr 22, 2020",$30.28,25600,775103,96179,"Apr 22, 2020, 08:00 PM",sell
36,ADPT,ROBINS HARLAN S,Chief Scientific Officer,"Apr 21, 2020",$29.21,3900,113907,73376,"Apr 22, 2020, 08:00 PM",sell
37,ADPT,ROBINS HARLAN S,Chief Scientific Officer,"Apr 20, 2020",$28.83,14900,429506,83579,"Apr 22, 2020, 08:00 PM",sell
38,ADPT,Cohen Chad M,Chief Financial Officer,"Apr 20, 2020",$30.00,10000,300000,1000,"Apr 22, 2020, 08:00 PM",sell
39,CRM,Hawkins Mark J,President and CFO,"Apr 22, 2020",$154.00,7127,1097558,17031,"Apr 22, 2020, 07:58 PM",sell
40,PEN,Bose Arani,Chief Innovator,"Apr 20, 2020",$185.11,900,166599,579762,"Apr 22, 2020, 07:47 PM",sell
41,YEXT,Distelburger Brian,President,"Apr 21, 2020",$11.37,10000,113687,3641432,"Apr 22, 2020, 07:35 PM",sell
42,DBX,Regan Timothy,Chief Accounting Officer,"Apr 20, 2020",$19.18,2000,38360,152302,"Apr 22, 2020, 07:31 PM",sell
43,TRUP,Friedman Gavin,Chief People Officer,"Apr 20, 2020",$30.31,300,9093,2157,"Apr 22, 2020, 07:15 PM",sell
44,FSLY,Bergman Artur,"Chief Architect, Exec. Chair","Apr 20, 2020",$25.00,90000,2250000,479342,"Apr 22, 2020, 07:10 PM",sell
45,AMGN,SUGAR RONALD D,Director,"Apr 22, 2020",$233.35,1000,233350,14636,"Apr 22, 2020, 07:07 PM",sell
46,PUB,"Fairclough, Jr. Fred W.",Director,"Apr 22, 2020",$17.76,3750,66603,225176,"Apr 22, 2020, 07:02 PM",sell
47,ARWR,GIVEN BRUCE D,Chief Operating Officer,"Apr 20, 2020",$40.00,23515,940600,871449,"Apr 22, 2020, 07:00 PM",sell
48,ACAD,Stankovic Srdjan R.,President,"Apr 22, 2020",$50.02,54019,2701906,6027,"Apr 22, 2020, 06:30 PM",sell
49,ACAD,Stankovic Srdjan R.,President,"Apr 20, 2020",$50.15,100000,5015450,6027,"Apr 22, 2020, 06:30 PM",sell
50,PG,PELTZ NELSON,Director,"Apr 21, 2020",$119.65,287202,34362572,28930465,"Apr 22, 2020, 06:28 PM",sell
51,PG,PELTZ NELSON,Director,"Apr 20, 2020",$121.84,1813227,220924733,30277960,"Apr 22, 2020, 06:28 PM",sell
52,PG,PELTZ NELSON,Director,"Apr 22, 2020",$120.00,2033735,244050233,26896730,"Apr 22, 2020, 06:28 PM",sell
53,RGEN,DAWES KAREN A,Director,"Apr 20, 2020",$104.57,12200,1275717,118032,"Apr 22, 2020, 06:07 PM",sell
54,ZM,Steckelberg Kelly,Chief Financial Officer,"Apr 20, 2020",$151.32,11067,1674620,27512,"Apr 22, 2020, 05:59 PM",sell
55,GRUB,DeWitt Adam,"President, CFO and Treasurer","Apr 20, 2020",$41.38,1200,49656,54619,"Apr 22, 2020, 05:56 PM",sell
56,ZS,Sinha Amit,President of R&D and CTO,"Apr 21, 2020",$70.24,745,52327,124772,"Apr 22, 2020, 05:48 PM",sell
57,KNSA,Beetham Thomas W.,EVP & Chief Legal Officer,"Apr 21, 2020",$19.89,2518,50092,30544,"Apr 22, 2020, 05:39 PM",sell
58,KNSA,Beetham Thomas W.,EVP & Chief Legal Officer,"Apr 20, 2020",$19.06,47423,903882,32107,"Apr 22, 2020, 05:39 PM",sell
59,IPHI,Ogawa Richard,General Counsel,"Apr 21, 2020",$96.15,7138,686343,55929,"Apr 22, 2020, 05:37 PM",sell
60,LAKE,RYAN CHRISTOPHER JAMES,Director,"Apr 21, 2020",$16.66,100000,1666000,294602,"Apr 22, 2020, 05:20 PM",sell
61,LAKE,RYAN CHRISTOPHER JAMES,Director,"Apr 20, 2020",$16.36,39321,643292,394602,"Apr 22, 2020, 05:20 PM",sell
62,LAKE,RYAN CHRISTOPHER JAMES,Director,"Apr 22, 2020",$16.54,31352,518562,263250,"Apr 22, 2020, 05:20 PM",sell
63,BMRN,FUCHS HENRY J,"President, Worldwide R&D","Apr 20, 2020",$90.00,17213,1549170,122656,"Apr 22, 2020, 05:15 PM",sell
64,WORK,Schellhase David,General Counsel and Secretary,"Apr 20, 2020",$30.00,8166,244980,251745,"Apr 22, 2020, 05:08 PM",sell
65,WORK,Henderson Cal,Chief Technology Officer,"Apr 21, 2020",$30.04,1500,45060,70775,"Apr 22, 2020, 05:07 PM",sell
66,WORK,Henderson Cal,Chief Technology Officer,"Apr 20, 2020",$30.00,1500,45000,72275,"Apr 22, 2020, 05:07 PM",sell
67,WORK,Braccia Andrew,Director,"Apr 21, 2020",$29.96,32423,971393,577342,"Apr 22, 2020, 05:07 PM",sell
68,WORK,Braccia Andrew,Director,"Apr 20, 2020",$29.98,286063,8576169,609765,"Apr 22, 2020, 05:07 PM",sell
69,WORK,Zell Brandon,Chief Accounting Officer,"Apr 20, 2020",$30.00,6629,198870,189662,"Apr 22, 2020, 05:07 PM",sell
70,NET,VENROCK ASSOCIATES V LP,10% Owner,"Apr 20, 2020",$25.00,4000000,100000000,34105104,"Apr 22, 2020, 05:06 PM",sell
71,MGTX,Naylor Stuart,Chief Development Officer,"Apr 20, 2020",$15.00,696,10440,485321,"Apr 22, 2020, 05:02 PM",sell
72,TWLO,Lawson Jeff,Chief Executive Officer,"Apr 20, 2020",$109.49,35000,3832168,78957,"Apr 22, 2020, 05:02 PM",sell
73,OKTA,Grady Patrick W,Director,"Apr 20, 2020",$152.03,50000,7601459,143309,"Apr 22, 2020, 05:02 PM",sell
74,KOD,EHRLICH JASON,See Remarks,"Apr 20, 2020",$54.12,6950,376115,36595,"Apr 22, 2020, 05:01 PM",sell
75,HLIX,HODGES PAUL E. III,Director,"Apr 20, 2020",$0.13,11538,1500,760126,"Apr 22, 2020, 05:00 PM",sell
76,MGTX,SHENK THOMAS E,Director,"Apr 20, 2020",$15.00,4482,67230,166327,"Apr 22, 2020, 05:00 PM",sell
77,RNG,Shmunis Vladimir,CEO & Chairman,"Apr 20, 2020",$248.38,16000,3974147,47688,"Apr 22, 2020, 04:55 PM",sell
78,RNG,Shmunis Vladimir,CEO & Chairman,"Apr 20, 2020",$248.38,25000,6209471,264856,"Apr 22, 2020, 04:55 PM",sell
79,ILMN,SAMAD SAM,SVP and CFO,"Apr 20, 2020",$320.02,1356,433947,6592,"Apr 22, 2020, 04:54 PM",sell
80,ILMN,FLATLEY JAY T,Director,"Apr 21, 2020",$310.77,3000,932310,248970,"Apr 22, 2020, 04:52 PM",sell
81,QLYS,Fisher Melissa B,Chief Financial Officer,"Apr 20, 2020",$106.14,1000,106140,179139,"Apr 22, 2020, 04:44 PM",sell
82,FC,STEPP ESTHER KAY,Director,"Apr 21, 2020",$17.20,4000,68808,39429,"Apr 22, 2020, 04:38 PM",sell
83,PLAN,CALDERONI FRANK,Chairman and CEO,"Apr 21, 2020",$36.69,48520,1780354,1362279,"Apr 22, 2020, 04:38 PM",sell
84,GWRE,Ryu Marcus,Director,"Apr 20, 2020",$88.36,12500,1104541,8815,"Apr 22, 2020, 04:37 PM",sell
85,MPWR,Blegen Theodore,CFO,"Apr 20, 2020",$183.05,2447,447931,143652,"Apr 22, 2020, 04:35 PM",sell
86,LULU,Wilson Dennis J.,Director by deputization,"Apr 20, 2020",$220.86,135836,30000134,133871,"Apr 22, 2020, 04:31 PM",sell
87,GSHD,Colby Michael C.,President and COO,"Apr 20, 2020",$43.00,20000,859904,71051,"Apr 22, 2020, 04:30 PM",sell
88,NSTG,Malloy Kirk,Director,"Apr 20, 2020",$30.00,1500,45000,0,"Apr 22, 2020, 04:27 PM",sell
89,BKH,EMERY DAVID R,Executive Chairman,"Apr 21, 2020",$61.52,6250,384526,88578,"Apr 22, 2020, 04:26 PM",sell
90,AMD,Norrod Forrest Eugene,SVP & GM DESG,"Apr 20, 2020",$57.06,75000,4279269,810241,"Apr 22, 2020, 04:18 PM",sell
91,BDSI,ODONNELL FRANCIS E JR,Director,"Apr 20, 2020",$4.22,20000,84400,632788,"Apr 22, 2020, 04:18 PM",sell
92,CDLX,Grimes Scott D.,Chief Executive Officer,"Apr 21, 2020",$39.92,37500,1497184,301731,"Apr 22, 2020, 04:18 PM",sell
93,CUBI,Jastrem Thomas John,Chief Risk Officer,"Mar 04, 2020",$20.90,532,11117,13711,"Apr 22, 2020, 04:16 PM",sell
94,CUBI,Jastrem Thomas John,Chief Risk Officer,"Mar 02, 2020",$20.65,2125,43889,14518,"Apr 22, 2020, 04:16 PM",sell
95,VRTX,Lee Yuchun,Director,"Apr 21, 2020",$266.76,2000,533523,3578,"Apr 22, 2020, 04:14 PM",sell
96,VRTX,Lee Yuchun,Director,"Apr 20, 2020",$273.16,2000,546310,3775,"Apr 22, 2020, 04:14 PM",sell
97,ACN,Unruch Joel,General Counsel/Corp Secretary,"Apr 20, 2020",$175.18,855,149777,24689,"Apr 22, 2020, 04:11 PM",sell
98,ACN,ROWLAND DAVID,Executive Chairman,"Apr 20, 2020",$175.34,34,5961,22637,"Apr 22, 2020, 04:11 PM",sell
99,ACN,Ollagnier Jean-Marc,Chief Executive - Europe,"Apr 20, 2020",$175.21,4499,788287,180110,"Apr 22, 2020, 04:11 PM",sell
100,ACN,Deblaere Johan,Chief Operating Officer,"Apr 20, 2020",$175.26,3000,525774,62269,"Apr 22, 2020, 04:10 PM",sell
1,MNTA,Manning Anthony M.,Chief Scientific Officer,"Apr 21, 2020",$30.55,1886,57617,12758,"Apr 22, 2020, 04:08 PM",sell
2,ALNY,KEATING LAURIE,"EVP, Chief Legal Officer","Apr 20, 2020",$139.00,10000,1390000,14492,"Apr 22, 2020, 04:07 PM",sell
3,ALNY,Vaishnaw Akshay,"President, R&D","Apr 20, 2020",$140.00,21971,3075940,14119,"Apr 22, 2020, 04:06 PM",sell
4,EIDX,Valle Franco,"Senior Vice President, Finance","Apr 20, 2020",$49.79,2000,99580,0,"Apr 22, 2020, 04:05 PM",sell
5,GBT,SUVARI TRICIA BORGA,Chief Legal Officer,"Apr 20, 2020",$75.00,4080,306000,7441,"Apr 22, 2020, 04:05 PM",sell
6,HUBS,Halligan Brian,Chief Executive Officer,"Apr 21, 2020",$139.90,8500,1189188,682257,"Apr 22, 2020, 04:04 PM",sell
7,APEI,Landon Timothy J,Director,"Apr 20, 2020",$24.23,200,4846,16326,"Apr 22, 2020, 04:02 PM",sell
8,PG,Keith R. Alexandra,CEO - Beauty,"Apr 21, 2020",$120.00,7360,883200,44746,"Apr 22, 2020, 01:42 PM",sell
9,ISRG,Samath Jamie,SVP of Finance,"Apr 21, 2020",$506.18,248,125533,207,"Apr 22, 2020, 12:22 PM",sell
10,SHSP,CAT ROCK CAPITAL MANAGEMENT LP,10% Owner,"Apr 21, 2020",$6.00,24760,148597,1282335,"Apr 22, 2020, 11:29 AM",sell
11,PG,Sheppard Valarie L,"Controller, Treas. & Exec. VP","Apr 21, 2020",$119.50,25600,3059200,24998,"Apr 22, 2020, 11:06 AM",sell
12,SAM,KOCH C JAMES,Chairman,"Apr 21, 2020",$420.79,1600,673272,207269,"Apr 22, 2020, 08:57 AM",sell
13,ELVT,SCFF MANAGEMENT LLC,10% Owner,"Apr 17, 2020",$1.35,16109,21667,530238,"Apr 21, 2020, 09:53 PM",sell
14,ELVT,SCFF MANAGEMENT LLC,10% Owner,"Apr 20, 2020",$1.30,2768,3593,144676,"Apr 21, 2020, 09:53 PM",sell
15,ELVT,SCFF MANAGEMENT LLC,10% Owner,"Apr 21, 2020",$1.19,399,476,32165,"Apr 21, 2020, 09:53 PM",sell
16,ELVT,SCFF MANAGEMENT LLC,10% Owner,"Apr 17, 2020",$1.35,15358,20657,505495,"Apr 21, 2020, 09:53 PM",sell
17,ELVT,SCFF MANAGEMENT LLC,10% Owner,"Apr 20, 2020",$1.30,1294,1680,67627,"Apr 21, 2020, 09:53 PM",sell
18,ELVT,SCFF MANAGEMENT LLC,10% Owner,"Apr 21, 2020",$1.19,266,317,21410,"Apr 21, 2020, 09:53 PM",sell
19,ELVT,SCFF MANAGEMENT LLC,10% Owner,"Apr 21, 2020",$1.19,36224,43179,2917829,"Apr 21, 2020, 09:53 PM",sell
20,ELVT,SCFF MANAGEMENT LLC,10% Owner,"Apr 17, 2020",$1.35,4479,6024,147444,"Apr 21, 2020, 09:53 PM",sell
21,ELVT,SCFF MANAGEMENT LLC,10% Owner,"Apr 20, 2020",$1.30,623,809,32564,"Apr 21, 2020, 09:53 PM",sell
22,ELVT,SCFF MANAGEMENT LLC,10% Owner,"Apr 21, 2020",$1.19,6380,7605,513904,"Apr 21, 2020, 09:53 PM",sell
23,ELVT,SCFF MANAGEMENT LLC,10% Owner,"Apr 17, 2020",$1.35,2094,2816,68921,"Apr 21, 2020, 09:53 PM",sell
24,ELVT,SCFF MANAGEMENT LLC,10% Owner,"Apr 20, 2020",$1.30,415,539,21676,"Apr 21, 2020, 09:53 PM",sell
25,ELVT,SCFF MANAGEMENT LLC,10% Owner,"Apr 20, 2020",$1.30,56517,73359,2954053,"Apr 21, 2020, 09:53 PM",sell
26,ELVT,SCFF MANAGEMENT LLC,10% Owner,"Apr 21, 2020",$1.19,6082,7250,489923,"Apr 21, 2020, 09:53 PM",sell
27,ELVT,SCFF MANAGEMENT LLC,10% Owner,"Apr 17, 2020",$1.35,1008,1356,33187,"Apr 21, 2020, 09:53 PM",sell
28,ELVT,SCFF MANAGEMENT LLC,10% Owner,"Apr 20, 2020",$1.30,9954,12920,520284,"Apr 21, 2020, 09:53 PM",sell
29,ELVT,SCFF MANAGEMENT LLC,10% Owner,"Apr 21, 2020",$1.19,1774,2115,142902,"Apr 21, 2020, 09:53 PM",sell
30,ELVT,SCFF MANAGEMENT LLC,10% Owner,"Apr 17, 2020",$1.35,671,902,22091,"Apr 21, 2020, 09:53 PM",sell
31,ELVT,SCFF MANAGEMENT LLC,10% Owner,"Apr 17, 2020",$1.35,91465,123020,3010570,"Apr 21, 2020, 09:53 PM",sell
32,ELVT,SCFF MANAGEMENT LLC,10% Owner,"Apr 20, 2020",$1.30,9490,12318,496005,"Apr 21, 2020, 09:53 PM",sell
33,ELVT,SCFF MANAGEMENT LLC,10% Owner,"Apr 21, 2020",$1.19,829,988,66798,"Apr 21, 2020, 09:53 PM",sell
34,GGO.A,GABELLI MARIO J,Director,"Apr 20, 2020",$40.23,1200,48276,15200,"Apr 21, 2020, 09:52 PM",sell
35,GGO.A,GABELLI MARIO J,Director,"Apr 17, 2020",$40.18,1600,64288,16400,"Apr 21, 2020, 09:52 PM",sell
36,ELVT,SCGF III MANAGEMENT LLC,10% Owner,"Apr 17, 2020",$1.35,2094,2816,68921,"Apr 21, 2020, 09:49 PM",sell
37,ELVT,SCGF III MANAGEMENT LLC,10% Owner,"Apr 20, 2020",$1.30,415,539,21676,"Apr 21, 2020, 09:49 PM",sell
38,ELVT,SCGF III MANAGEMENT LLC,10% Owner,"Apr 20, 2020",$1.30,56517,73359,2954053,"Apr 21, 2020, 09:49 PM",sell
39,ELVT,SCGF III MANAGEMENT LLC,10% Owner,"Apr 21, 2020",$1.19,6082,7250,489923,"Apr 21, 2020, 09:49 PM",sell
40,ELVT,SCGF III MANAGEMENT LLC,10% Owner,"Apr 17, 2020",$1.35,1008,1356,33187,"Apr 21, 2020, 09:49 PM",sell
41,ELVT,SCGF III MANAGEMENT LLC,10% Owner,"Apr 20, 2020",$1.30,9954,12920,520284,"Apr 21, 2020, 09:49 PM",sell
42,ELVT,SCGF III MANAGEMENT LLC,10% Owner,"Apr 21, 2020",$1.19,1774,2115,142902,"Apr 21, 2020, 09:49 PM",sell
43,ELVT,SCGF III MANAGEMENT LLC,10% Owner,"Apr 17, 2020",$1.35,671,902,22091,"Apr 21, 2020, 09:49 PM",sell
44,ELVT,SCGF III MANAGEMENT LLC,10% Owner,"Apr 17, 2020",$1.35,91465,123020,3010570,"Apr 21, 2020, 09:49 PM",sell
45,ELVT,SCGF III MANAGEMENT LLC,10% Owner,"Apr 20, 2020",$1.30,9490,12318,496005,"Apr 21, 2020, 09:49 PM",sell
46,ELVT,SCGF III MANAGEMENT LLC,10% Owner,"Apr 21, 2020",$1.19,829,988,66798,"Apr 21, 2020, 09:49 PM",sell
47,ELVT,SCGF III MANAGEMENT LLC,10% Owner,"Apr 17, 2020",$1.35,16109,21667,530238,"Apr 21, 2020, 09:49 PM",sell
48,ELVT,SCGF III MANAGEMENT LLC,10% Owner,"Apr 20, 2020",$1.30,2768,3593,144676,"Apr 21, 2020, 09:49 PM",sell
49,ELVT,SCGF III MANAGEMENT LLC,10% Owner,"Apr 21, 2020",$1.19,399,476,32165,"Apr 21, 2020, 09:49 PM",sell
50,ELVT,SCGF III MANAGEMENT LLC,10% Owner,"Apr 17, 2020",$1.35,15358,20657,505495,"Apr 21, 2020, 09:49 PM",sell
51,ELVT,SCGF III MANAGEMENT LLC,10% Owner,"Apr 20, 2020",$1.30,1294,1680,67627,"Apr 21, 2020, 09:49 PM",sell
52,ELVT,SCGF III MANAGEMENT LLC,10% Owner,"Apr 21, 2020",$1.19,266,317,21410,"Apr 21, 2020, 09:49 PM",sell
53,ELVT,SCGF III MANAGEMENT LLC,10% Owner,"Apr 21, 2020",$1.19,36224,43179,2917829,"Apr 21, 2020, 09:49 PM",sell
54,ELVT,SCGF III MANAGEMENT LLC,10% Owner,"Apr 17, 2020",$1.35,4479,6024,147444,"Apr 21, 2020, 09:49 PM",sell
55,ELVT,SCGF III MANAGEMENT LLC,10% Owner,"Apr 20, 2020",$1.30,623,809,32564,"Apr 21, 2020, 09:49 PM",sell
56,ELVT,SCGF III MANAGEMENT LLC,10% Owner,"Apr 21, 2020",$1.19,6380,7605,513904,"Apr 21, 2020, 09:49 PM",sell
57,KTOS,Lund Deanna H,EVP & CFO,"Apr 21, 2020",$14.05,7600,106750,262805,"Apr 21, 2020, 09:35 PM",sell
58,TSLA,Kirkhorn Zachary,Chief Financial Officer,"Apr 17, 2020",$772.92,150,115938,11282,"Apr 21, 2020, 09:21 PM",sell
59,KTOS,Carrai Phillip D,"President, STC Division","Apr 17, 2020",$15.00,3350,50250,87979,"Apr 21, 2020, 09:09 PM",sell
60,"OPGN,OPGNW",Curetis N.V. in Liquidation,10% Owner,"Apr 17, 2020",$2.46,165902,408119,1862306,"Apr 21, 2020, 08:09 PM",sell
61,"OPGN,OPGNW",Curetis N.V. in Liquidation,10% Owner,"Apr 21, 2020",$2.30,95609,219901,1711555,"Apr 21, 2020, 08:09 PM",sell
62,"OPGN,OPGNW",Curetis N.V. in Liquidation,10% Owner,"Apr 20, 2020",$2.35,55142,129584,1807164,"Apr 21, 2020, 08:09 PM",sell
63,DRNA,Brown Bob D,See Remarks,"Apr 20, 2020",$23.00,13281,305463,5000,"Apr 21, 2020, 08:01 PM",sell
64,DRNA,Brown Bob D,See Remarks,"Apr 17, 2020",$21.18,8185,173358,5000,"Apr 21, 2020, 08:01 PM",sell
65,GILD,Cogan John Francis,Director,"Apr 20, 2020",$83.00,2413,200279,54860,"Apr 21, 2020, 07:42 PM",sell
66,PD,Wilson Howard,Chief Financial Officer,"Apr 20, 2020",$21.20,40000,848076,197280,"Apr 21, 2020, 07:24 PM",sell
67,PD,Wilson Howard,Chief Financial Officer,"Apr 17, 2020",$20.02,40000,800800,187032,"Apr 21, 2020, 07:24 PM",sell
68,ATEN,Reiss Gunter,VP Worldwide Marketing,"Apr 20, 2020",$6.55,1201,7867,151225,"Apr 21, 2020, 07:21 PM",sell
69,QADA_QADB,LOPKER PAMELA M,President,"Apr 21, 2020",$40.50,10000,405000,4195334,"Apr 21, 2020, 07:19 PM",sell
70,CARA,Ives Jeffrey L.,Director,"Apr 21, 2020",$16.00,2500,40000,6000,"Apr 21, 2020, 07:09 PM",sell
71,SLAB,Richardson Nina,Director,"Apr 20, 2020",$86.56,775,67084,5197,"Apr 21, 2020, 07:06 PM",sell
72,SYNH,Parks Robert,"EVP, Chief Accounting Officer","Apr 20, 2020",$49.65,3588,178144,12450,"Apr 21, 2020, 07:04 PM",sell
73,NFLX,HASTINGS REED,CEO,"Apr 20, 2020",$438.69,54369,23851171,53069,"Apr 21, 2020, 06:53 PM",sell
74,CARA,Terrillion Scott,Sec'y; Chief Compliance & G.C.,"Apr 21, 2020",$15.56,2721,42339,38382,"Apr 21, 2020, 06:50 PM",sell
75,CARA,Menzaghi Frederique Ph.D.,"Chief Scientific Off,SVP-R&D","Apr 21, 2020",$15.58,12894,200889,104492,"Apr 21, 2020, 06:49 PM",sell
76,CARA,CHALMERS DEREK T,President & CEO,"Apr 21, 2020",$15.56,6348,98775,981421,"Apr 21, 2020, 06:47 PM",sell
77,RSSS,COOPER CHAD J.,Director,"Apr 21, 2020",$3.00,2300,6900,301789,"Apr 21, 2020, 06:45 PM",sell
78,MDLA,Stretch Leslie,President & CEO,"Apr 20, 2020",$20.91,32671,683223,1813221,"Apr 21, 2020, 06:31 PM",sell
79,ETSY,Glaser Rachel C,CHIEF FINANCIAL OFFICER,"Apr 20, 2020",$64.59,13728,886642,37787,"Apr 21, 2020, 06:25 PM",sell
80,ETSY,Silverman Josh,President & CEO,"Apr 20, 2020",$65.00,15000,975000,0,"Apr 21, 2020, 06:23 PM",sell
81,ETSY,Silverman Josh,President & CEO,"Apr 17, 2020",$60.73,25000,1518250,0,"Apr 21, 2020, 06:23 PM",sell
82,DDOG,OBSTLER DAVID M,Chief Financial Officer,"Apr 20, 2020",$40.94,45000,1842138,121250,"Apr 21, 2020, 06:13 PM",sell
83,EBS,Havey Adam,"EVP, Business Operations","Apr 17, 2020",$65.00,20414,1326910,34256,"Apr 21, 2020, 06:12 PM",sell
84,EBS,Havey Adam,"EVP, Business Operations","Apr 20, 2020",$69.00,17009,1173621,34256,"Apr 21, 2020, 06:12 PM",sell
85,MIME,Murray Neil,Director,"Apr 20, 2020",$35.60,35000,1246168,1521665,"Apr 21, 2020, 05:46 PM",sell
86,BJ,Baldwin Christopher J,Director,"Apr 17, 2020",$27.00,174553,4712931,349897,"Apr 21, 2020, 05:30 PM",sell
87,BJ,Baldwin Christopher J,Director,"Apr 20, 2020",$27.21,7466,203150,349897,"Apr 21, 2020, 05:30 PM",sell
88,MRTX,Johnson Craig A,Director,"Apr 20, 2020",$93.00,15000,1395000,2000,"Apr 21, 2020, 05:26 PM",sell
89,GNMK,Mitchell Brian Andrew,"SVP, Operations","Apr 20, 2020",$8.00,8000,64000,247663,"Apr 21, 2020, 05:19 PM",sell
90,GH,Talasaz AmirAli,"Chairman, President and COO","Apr 20, 2020",$72.56,2729,198028,71795,"Apr 21, 2020, 05:18 PM",sell
91,GH,Talasaz AmirAli,"Chairman, President and COO","Apr 17, 2020",$72.70,29230,2125047,3155746,"Apr 21, 2020, 05:18 PM",sell
92,GH,Talasaz AmirAli,"Chairman, President and COO","Apr 17, 2020",$72.70,7771,564959,72523,"Apr 21, 2020, 05:18 PM",sell
93,GH,Talasaz AmirAli,"Chairman, President and COO","Apr 20, 2020",$72.56,10270,745235,3142736,"Apr 21, 2020, 05:18 PM",sell
94,GH,Eltoukhy Helmy,Chief Executive Officer,"Apr 17, 2020",$70.22,15904,1116739,3175080,"Apr 21, 2020, 05:17 PM",sell
95,UPWK,Brown Hayden,President & CEO,"Apr 20, 2020",$7.72,895,6908,341949,"Apr 21, 2020, 05:11 PM",sell
96,NBAC,NeoGenesis Holding Co. Ltd.,10% Owner,"Apr 20, 2020",$0.00,100000,10,1545000,"Apr 21, 2020, 05:10 PM",sell
97,NBAC,Xiong Wenhui,Chief Executive Officer,"Apr 20, 2020",$0.00,100000,10,1545000,"Apr 21, 2020, 05:09 PM",sell
98,TRHC,Knowlton Orsula V,President,"Apr 17, 2020",$56.77,8000,454129,757202,"Apr 21, 2020, 05:04 PM",sell
99,MRNA,Bancel Stephane,Chief Executive Officer,"Apr 17, 2020",$46.35,11046,511936,651166,"Apr 21, 2020, 05:03 PM",sell
100,MRNA,Bancel Stephane,Chief Executive Officer,"Apr 20, 2020",$45.00,12807,576315,9210628,"Apr 21, 2020, 05:03 PM",sell
101,MRNA,Bancel Stephane,Chief Executive Officer,"Apr 20, 2020",$45.00,4269,192105,6692778,"Apr 21, 2020, 05:03 PM",sell
